Date,Open,High,Low,Close,
01-Jan-15,8272.8,8294.7,8248.75,8284,0.557054099
02-Jan-15,8288.7,8410.6,8288.7,8395.45,1.470676946
05-Jan-15,8407.95,8445.6,8363.9,8378.4,0.976817035
06-Jan-15,8325.3,8327.85,8111.35,8127.35,2.669099472
07-Jan-15,8118.65,8151.2,8065.45,8102.1,1.063176884
08-Jan-15,8191.4,8243.5,8167.3,8234.6,0.93298887
09-Jan-15,8285.45,8303.3,8190.8,8284.5,1.373492211
12-Jan-15,8291.35,8332.6,8245.6,8323,1.055108179
13-Jan-15,8346.15,8356.65,8267.9,8299.4,1.073428561
14-Jan-15,8307.25,8326.45,8236.65,8277.55,1.09024907
15-Jan-15,8424.5,8527.1,8380.55,8494.15,1.748691912
16-Jan-15,8504.05,8530.75,8452.25,8513.8,0.928746783
19-Jan-15,8550.05,8570.95,8531.5,8550.7,0.462404032
20-Jan-15,8575.1,8707.9,8574.5,8695.6,1.555775847
21-Jan-15,8719.65,8741.85,8689.6,8729.5,0.6012935
22-Jan-15,8745.85,8774.15,8727,8761.4,0.5402773
23-Jan-15,8827.95,8866.4,8795.4,8835.6,0.807240148
27-Jan-15,8871.35,8925.05,8825.45,8910.5,1.128554351
28-Jan-15,8902.75,8985.05,8874.05,8914.3,1.250838118
29-Jan-15,8901.5,8966.65,8861.25,8952.35,1.189448441
30-Jan-15,8996.6,8996.6,8775.1,8808.9,2.524187759
02-Feb-15,8802.5,8840.8,8751.1,8797.4,1.025013998
03-Feb-15,8823.15,8837.3,8726.65,8756.55,1.267955057
04-Feb-15,8789.15,8792.85,8704.4,8723.7,1.01615275
05-Feb-15,8733.1,8838.45,8683.65,8711.7,1.782660517
06-Feb-15,8696.85,8726.2,8645.55,8661.05,0.932849848
09-Feb-15,8584.4,8605.55,8516.35,8526.35,1.047397066
10-Feb-15,8478.1,8646.25,8470.5,8565.55,2.074848002
11-Feb-15,8603.3,8651.95,8593.65,8627.4,0.678407894
12-Feb-15,8676.95,8732.55,8599.25,8711.55,1.550135186
13-Feb-15,8741.5,8822.1,8729.65,8805.5,1.05903444
16-Feb-15,8831.4,8870.1,8793.4,8809.35,0.872245093
18-Feb-15,8811.55,8894.3,8808.9,8869.1,0.969474055
19-Feb-15,8883.05,8913.45,8794.45,8895.3,1.353126119
20-Feb-15,8895.5,8899.95,8816.3,8833.6,0.948810726
23-Feb-15,8856.85,8869,8736.1,8754.95,1.521273795
24-Feb-15,8772.9,8800.5,8726.75,8762.1,0.845102701
25-Feb-15,8801.9,8840.65,8751.4,8767.25,1.019836826
26-Feb-15,8779,8786.05,8669.45,8683.85,1.344952679
27-Feb-15,8729.5,8856.95,8717.45,8844.6,1.600238602
28-Feb-15,8913.05,8941.1,8751.35,8901.85,2.168236901
02-Mar-15,8953.85,8972.35,8885.45,8956.75,0.978003365
03-Mar-15,8962.85,9008.4,8925.55,8996.25,0.928234114
04-Mar-15,9109.15,9119.2,8893.95,8922.65,2.532620489
05-Mar-15,8929.4,8957.55,8849.35,8937.75,1.222688672
09-Mar-15,8891.15,8891.3,8740.45,8756.75,1.725883679
10-Mar-15,8769.75,8778,8677.35,8712.05,1.159916334
11-Mar-15,8728.75,8755.6,8682.35,8699.95,0.843665597
12-Mar-15,8740.65,8787.2,8732.9,8776,0.621786577
13-Mar-15,8844.05,8849.75,8631.75,8647.75,2.525559707
16-Mar-15,8656.75,8663.55,8612,8633.15,0.598583372
17-Mar-15,8689.1,8742.55,8630.8,8723.3,1.29478148
18-Mar-15,8742.9,8747.25,8664,8685.9,0.960872576
19-Mar-15,8749.45,8788.2,8614.65,8634.65,2.014591423
20-Mar-15,8627.9,8627.9,8553,8570.9,0.875716123
23-Mar-15,8591.55,8608.35,8540.55,8550.9,0.79385988
24-Mar-15,8537.05,8627.75,8535.85,8542.95,1.076635602
25-Mar-15,8568.9,8573.75,8516.55,8530.8,0.671633467
26-Mar-15,8474.95,8499.45,8325.35,8342.15,2.091203373
27-Mar-15,8396,8413.2,8269.15,8341.4,1.742017015
30-Mar-15,8390.95,8504.55,8380.75,8492.3,1.477194762
31-Mar-15,8527.6,8550.45,8454.15,8491,1.139085538
01-Apr-15,8483.7,8603.4,8464.75,8586.25,1.637969225
06-Apr-15,8615.8,8667.55,8573.75,8659.9,1.094037032
07-Apr-15,8684.45,8693.6,8586.85,8660.3,1.243179979
08-Apr-15,8698.95,8730.5,8679.8,8714.4,0.584114841
09-Apr-15,8756.2,8785.5,8682.45,8778.3,1.186876976
10-Apr-15,8774.35,8787.4,8733.6,8780.35,0.616011725
13-Apr-15,8801.75,8841.65,8762.1,8834,0.907887379
15-Apr-15,8844.75,8844.8,8722.4,8750.2,1.4032835
16-Apr-15,8757.05,8760,8645.65,8706.7,1.322630456
17-Apr-15,8698.05,8699.85,8596.7,8606,1.199879023
20-Apr-15,8618.8,8619.95,8422.75,8448.1,2.341278086
21-Apr-15,8416.1,8469.35,8352.7,8377.75,1.396554408
22-Apr-15,8400.4,8449.95,8284.7,8429.7,1.994640723
23-Apr-15,8478.2,8504.95,8361.85,8398.3,1.711343782
24-Apr-15,8405.7,8413.3,8273.35,8305.25,1.691575964
27-Apr-15,8330.55,8334.45,8202.35,8213.8,1.61051406
28-Apr-15,8215.55,8308,8185.15,8285.6,1.500888805
29-Apr-15,8274.8,8308.2,8219.2,8239.75,1.082830446
30-Apr-15,8224.5,8229.4,8144.75,8181.5,1.039319807
04-May-15,8230.05,8346,8220.45,8331.95,1.527288652
05-May-15,8338.4,8355.65,8280.6,8324.8,0.90633529
06-May-15,8316.6,8331.95,8083,8097,3.079920821
07-May-15,8077,8122.6,7997.15,8057.3,1.568683844
08-May-15,8131.5,8224.95,8123.45,8191.5,1.249469129
11-May-15,8243.2,8332.75,8224.65,8325.25,1.314341644
12-May-15,8326.15,8326.65,8115.3,8126.95,2.60433995
13-May-15,8181.55,8254.95,8089.8,8235.45,2.041459616
14-May-15,8232.45,8236.25,8137.3,8224.2,1.216005309
15-May-15,8240.3,8279.2,8212.2,8262.35,0.815859331
18-May-15,8284.95,8384.6,8271.95,8373.65,1.361831249
19-May-15,8356.2,8427.8,8335,8365.65,1.113377325
20-May-15,8392.65,8440.35,8391.45,8423.25,0.582735999
21-May-15,8434.5,8446.35,8382.5,8421,0.761705935
22-May-15,8432.5,8489.55,8420.6,8458.95,0.818825262
25-May-15,8438.15,8441.95,8364.15,8370.25,0.930160267
26-May-15,8377.1,8378.9,8320.05,8339.35,0.70732748
27-May-15,8302.75,8342.85,8277.95,8334.6,0.784010534
28-May-15,8345.7,8364.5,8270.15,8319,1.140849924
29-May-15,8327.1,8443.9,8305.7,8433.65,1.663917551
01-Jun-15,8417.25,8467.15,8405.4,8433.4,0.734646775
02-Jun-15,8442.8,8445.35,8226.05,8236.45,2.665921068
03-Jun-15,8232.45,8236.7,8094.15,8135.1,1.761148484
04-Jun-15,8155.15,8160.05,8056.75,8130.65,1.282154715
05-Jun-15,8119.15,8191,8100.15,8114.7,1.121584168
08-Jun-15,8124.35,8131,8030.55,8044.15,1.250848323
09-Jun-15,8026.5,8057.15,8005.15,8022.4,0.649581832
10-Jun-15,8024.15,8152.25,8023.8,8124.45,1.600862434
11-Jun-15,8157.3,8163.05,7958.25,7965.35,2.573430088
12-Jun-15,7959.85,7995.6,7940.3,7982.9,0.696447238
15-Jun-15,7986.6,8057.7,7944.85,8013.9,1.420417
16-Jun-15,8004.2,8061.85,7952.35,8047.3,1.376951467
17-Jun-15,8084.2,8136.85,8048.95,8091.55,1.092067909
18-Jun-15,8113.7,8186.9,8101.8,8174.6,1.050383865
19-Jun-15,8201.15,8250.8,8195.65,8224.95,0.67291795
22-Jun-15,8259.3,8369.45,8257.4,8353.1,1.356964662
23-Jun-15,8377.45,8398.45,8334.95,8381.55,0.761852201
24-Jun-15,8399.4,8421.35,8338.9,8360.85,0.988739522
25-Jun-15,8336.25,8423.15,8329.5,8398,1.124317186
26-Jun-15,8393.95,8408.55,8339.7,8381.1,0.825569265
29-Jun-15,8247.05,8329.45,8195.65,8318.4,1.632573377
30-Jun-15,8316.35,8378,8298.95,8368.5,0.952530139
01-Jul-15,8376.25,8481.6,8370.15,8453.05,1.331517356
02-Jul-15,8471.95,8479.25,8433.2,8444.9,0.546056064
03-Jul-15,8440.1,8497.75,8424.15,8484.9,0.87367865
06-Jul-15,8386.15,8533.15,8386.15,8522.15,1.752890182
07-Jul-15,8525.5,8561.35,8483.85,8510.8,0.913500357
08-Jul-15,8439.2,8457.5,8341.4,8363.05,1.391852687
09-Jul-15,8364.85,8400.3,8323,8328.55,0.928751652
10-Jul-15,8365.7,8377.1,8315.4,8360.55,0.741996777
13-Jul-15,8397.25,8471.65,8355.4,8459.65,1.391315796
14-Jul-15,8470.6,8480.25,8424.1,8454.1,0.666540046
15-Jul-15,8463.4,8531.4,8462.95,8523.8,0.80881962
16-Jul-15,8546.15,8616.1,8542.9,8608.05,0.856851889
17-Jul-15,8623.65,8642.95,8593.15,8609.85,0.579531371
20-Jul-15,8623.9,8624.1,8559,8603.45,0.760602874
21-Jul-15,8601.5,8646.75,8517.9,8529.45,1.512696791
22-Jul-15,8512.25,8643.9,8498.65,8633.5,1.709094974
23-Jul-15,8643.95,8654.75,8573.8,8589.8,0.94415545
24-Jul-15,8588.15,8589.15,8513.5,8521.55,0.888588712
27-Jul-15,8492.1,8492.2,8351.55,8361,1.684118517
28-Jul-15,8371.1,8397.4,8321.75,8337,0.909063598
29-Jul-15,8365.6,8381.5,8338.45,8375.05,0.516283002
30-Jul-15,8417,8458.9,8408.3,8421.8,0.60178633
31-Jul-15,8456.1,8548.95,8448,8532.85,1.194957386
03-Aug-15,8510.65,8563.95,8508.1,8543.05,0.656433281
04-Aug-15,8564.1,8565.15,8448.25,8516.9,1.383718522
05-Aug-15,8547.45,8591.85,8545.85,8567.95,0.538272963
06-Aug-15,8585.8,8606.3,8551.5,8588.65,0.640823247
07-Aug-15,8580.8,8595.95,8552.7,8564.6,0.505688262
10-Aug-15,8577,8621.55,8497.8,8525.6,1.456259267
11-Aug-15,8548.45,8556.25,8441.3,8462.35,1.361757075
12-Aug-15,8445.7,8446.95,8337.95,8349.45,1.307275769
13-Aug-15,8384.45,8429.5,8339.75,8355.85,1.076171348
14-Aug-15,8402.35,8530.1,8381.2,8518.55,1.776595237
17-Aug-15,8530.5,8530.6,8428.05,8477.3,1.21677019
18-Aug-15,8505.85,8525.75,8433.6,8466.55,1.092653197
19-Aug-15,8468.05,8520.45,8425.95,8495.15,1.121535257
20-Aug-15,8471.05,8501.35,8359.75,8372.75,1.693830557
21-Aug-15,8305.4,8322.2,8225.05,8299.95,1.181147835
24-Aug-15,8055.95,8060.05,7769.4,7809,3.740958118
25-Aug-15,7895.4,7925.4,7667.25,7880.7,3.366917735
26-Aug-15,7865.25,7930.05,7777.1,7791.85,1.966671381
27-Aug-15,7921.6,7963.6,7862.3,7948.95,1.288427051
28-Aug-15,8053.7,8091.8,7961.65,8001.95,1.634711398
31-Aug-15,8009.25,8043.6,7947.95,7971.3,1.203454979
01-Sep-15,7907.95,7929.1,7746.5,7785.85,2.357193571
02-Sep-15,7856.65,7862.55,7699.25,7717,2.12098581
03-Sep-15,7774.45,7845.6,7754.05,7823,1.180673326
04-Sep-15,7803.4,7804.9,7626.85,7655.05,2.33451556
07-Sep-15,7685.85,7705.05,7545.9,7558.8,2.109092355
08-Sep-15,7587.7,7720.9,7539.5,7688.25,2.405995093
09-Sep-15,7805.85,7846.05,7764.55,7818.6,1.049642284
10-Sep-15,7729.05,7819.85,7678.5,7788.1,1.840854334
11-Sep-15,7833.8,7864.85,7759.9,7789.3,1.352465882
14-Sep-15,7811.1,7879.95,7761.85,7872.25,1.521544477
15-Sep-15,7867.35,7880,7799.75,7829.1,1.028879131
16-Sep-15,7886.85,7913.9,7853.3,7899.15,0.771650134
18-Sep-15,7967.45,8055,7955.85,7981.9,1.246252757
21-Sep-15,7911.5,7987.9,7908.35,7977.1,1.005898828
22-Sep-15,8014.8,8021.6,7787.75,7812,3.002792848
23-Sep-15,7737.35,7882.9,7723.25,7845.95,2.06713495
24-Sep-15,7838.4,7894.5,7804.1,7868.5,1.158365475
28-Sep-15,7892.8,7893.95,7787.95,7795.7,1.361077049
29-Sep-15,7725.7,7926.55,7691.2,7843.3,3.059990639
30-Sep-15,7924.25,7957.7,7874.5,7948.9,1.056575021
01-Oct-15,7992.05,8008.25,7930.65,7950.9,0.978482218
05-Oct-15,8005.1,8128.9,8005.1,8119.3,1.546514097
06-Oct-15,8180.45,8180.95,8096.5,8152.9,1.04304329
07-Oct-15,8146.2,8188.9,8132.9,8177.4,0.688561276
08-Oct-15,8196.75,8196.75,8105.85,8129.35,1.121412313
09-Oct-15,8186.35,8232.2,8139.65,8189.7,1.137026776
12-Oct-15,8231.5,8244.5,8128.2,8143.6,1.430821092
13-Oct-15,8121.95,8150.25,8088.6,8131.7,0.762183814
14-Oct-15,8102.4,8139.3,8096.35,8107.9,0.53048596
15-Oct-15,8134.35,8190.55,8129.8,8179.5,0.747250855
16-Oct-15,8193.65,8246.4,8147.65,8238.15,1.212005916
19-Oct-15,8262.55,8283.05,8239.2,8275.05,0.532211865
20-Oct-15,8280.3,8294.05,8229.2,8261.65,0.788047441
21-Oct-15,8258.35,8294.4,8217.15,8251.7,0.940106971
23-Oct-15,8308.25,8328.1,8280.75,8295.45,0.571808109
26-Oct-15,8333.65,8336.3,8252.05,8260.55,1.020958429
27-Oct-15,8230.35,8241.95,8217.05,8232.9,0.303028459
28-Oct-15,8188.9,8209.1,8131.8,8171.2,0.950589045
29-Oct-15,8175.45,8179.6,8098,8111.75,1.007656211
30-Oct-15,8123.55,8146.1,8044.4,8065.8,1.264233504
02-Nov-15,8054.55,8060.7,7995.6,8050.8,0.814197809
03-Nov-15,8086.35,8100.35,8031.75,8060.7,0.85411025
04-Nov-15,8104.9,8116.1,8027.3,8040.2,1.106225007
05-Nov-15,8030.35,8031.2,7944.1,7955.45,1.096411173
06-Nov-15,7956.55,8002.65,7926.15,7954.3,0.96515963
09-Nov-15,7788.25,7937.75,7771.7,7915.2,2.13659817
10-Nov-15,7877.6,7885.1,7772.85,7783.35,1.444129245
11-Nov-15,7838.8,7847.95,7819.1,7825,0.368968296
13-Nov-15,7762.45,7775.1,7730.9,7762.25,0.571731622
16-Nov-15,7732.95,7838.85,7714.15,7806.6,1.61650992
17-Nov-15,7848.75,7860.45,7793,7837.55,0.865520339
18-Nov-15,7823.15,7843.4,7725.05,7731.8,1.532028919
19-Nov-15,7788.5,7854.9,7765.45,7842.75,1.151897186
20-Nov-15,7841.9,7906.95,7817.8,7856.55,1.140346389
23-Nov-15,7869.5,7877.5,7825.2,7849.25,0.668353525
24-Nov-15,7837,7870.35,7812.65,7831.6,0.73854582
26-Nov-15,7837.15,7897.1,7832,7883.8,0.831205312
27-Nov-15,7910.6,7959.3,7879.45,7942.7,1.013395605
30-Nov-15,7936.25,7966,7922.8,7935.25,0.545261776
01-Dec-15,7958.15,7972.15,7934.15,7954.9,0.478942294
02-Dec-15,7976.7,7979.3,7910.8,7931.35,0.865904839
03-Dec-15,7902.3,7912.3,7853.3,7864.15,0.751276533
04-Dec-15,7817.6,7821.4,7775.7,7781.9,0.587728436
07-Dec-15,7816.55,7825.4,7746.05,7765.4,1.024393078
08-Dec-15,7738.5,7771.25,7685.45,7701.7,1.116395266
09-Dec-15,7695.5,7702.85,7606.9,7612.5,1.261354823
10-Dec-15,7643.3,7691.95,7610,7683.3,1.076872536
11-Dec-15,7699.6,7703.05,7575.3,7610.45,1.686401859
14-Dec-15,7558.2,7663.95,7551.05,7650.05,1.495156303
15-Dec-15,7659.15,7705,7625.1,7700.9,1.04785511
16-Dec-15,7725.25,7776.6,7715.75,7750.9,0.788646599
17-Dec-15,7783.05,7852.9,7737.55,7844.35,1.490781966
18-Dec-15,7828.9,7836.15,7753.35,7761.95,1.067925477
21-Dec-15,7745.65,7840.75,7733.45,7834.45,1.387479068
22-Dec-15,7829.4,7846.3,7776.85,7786.1,0.893035098
23-Dec-15,7830.45,7871.45,7826.1,7865.95,0.579471256
24-Dec-15,7888.75,7888.75,7835.5,7861.05,0.67959926
28-Dec-15,7863.2,7937.2,7863,7925.15,0.943660181
29-Dec-15,7929.2,7942.15,7902.75,7928.95,0.498560628
30-Dec-15,7938.6,7944.75,7889.85,7896.25,0.695830719
31-Dec-15,7897.8,7955.55,7891.15,7946.35,0.816104117
01-Jan-16,7938.45,7972.55,7909.8,7963.2,0.793319679
04-Jan-16,7924.55,7937.55,7781.1,7791.3,2.010641169
05-Jan-16,7828.4,7831.2,7763.25,7784.65,0.875277751
06-Jan-16,7788.05,7800.95,7721.2,7741,1.032870538
07-Jan-16,7673.35,7674.95,7556.6,7568.3,1.566180557
08-Jan-16,7611.65,7634.1,7581.05,7601.35,0.69977114
11-Jan-16,7527.45,7605.1,7494.35,7563.85,1.477779928
12-Jan-16,7587.2,7588.3,7487.8,7510.3,1.342183285
13-Jan-16,7557.9,7590.95,7425.8,7562.4,2.224002801
14-Jan-16,7467.4,7604.8,7443.8,7536.8,2.162873801
15-Jan-16,7561.65,7566.5,7427.3,7437.8,1.874166925
18-Jan-16,7420.35,7463.65,7336.4,7351,1.734501936
19-Jan-16,7381.8,7462.75,7364.15,7435.1,1.338918952
20-Jan-16,7357,7470.9,7241.5,7309.3,3.167851964
21-Jan-16,7376.65,7398.7,7250,7276.8,2.051034483
22-Jan-16,7355.7,7433.4,7327.6,7422.45,1.443856106
25-Jan-16,7468.75,7487.15,7421.2,7436.15,0.888670296
27-Jan-16,7469.6,7477.9,7419.7,7437.75,0.784398291
28-Jan-16,7426.5,7468.85,7409.6,7424.65,0.799638307
29-Jan-16,7413.35,7575.65,7402.8,7563.55,2.334927325
01-Feb-16,7589.5,7600.45,7541.25,7555.95,0.785015747
02-Feb-16,7566.65,7576.3,7428.05,7455.55,1.995813168
03-Feb-16,7392.45,7419.4,7350.3,7361.8,0.940097683
04-Feb-16,7411.45,7457.05,7365.95,7404,1.236771903
05-Feb-16,7418.25,7503.15,7406.65,7489.1,1.30288322
08-Feb-16,7489.7,7512.55,7363.2,7387.25,2.028330074
09-Feb-16,7303.95,7323.45,7275.15,7298.2,0.663903837
10-Feb-16,7264.3,7271.85,7177.75,7215.7,1.310995786
11-Feb-16,7203.6,7208.65,6959.95,6976.35,3.573301532
12-Feb-16,7023.65,7034.8,6869,6980.95,2.413742903
15-Feb-16,7057.35,7182.8,7056.8,7162.95,1.785511847
16-Feb-16,7201.25,7204.65,7037.7,7048.25,2.37222388
17-Feb-16,7058.85,7123.7,6960.65,7108.45,2.34245365
18-Feb-16,7177.4,7215.1,7127.85,7191.75,1.224071775
19-Feb-16,7170.55,7226.85,7145.95,7210.75,1.132109796
22-Feb-16,7208.85,7252.4,7200.7,7234.55,0.717985751
23-Feb-16,7240.3,7241.7,7090.7,7109.55,2.129549974
24-Feb-16,7075,7090.8,7009.75,7018.7,1.156246656
25-Feb-16,7029.85,7034.2,6961.4,6970.6,1.045766656
26-Feb-16,7039.3,7052.9,6985.1,7029.75,0.9706375
29-Feb-16,7050.45,7094.6,6825.8,6987.05,3.937999941
01-Mar-16,7038.25,7235.5,7035.1,7222.3,2.848573581
02-Mar-16,7321.7,7380.35,7308.15,7368.85,0.987938124
03-Mar-16,7429.55,7483.95,7406.05,7475.6,1.05184275
04-Mar-16,7505.4,7505.9,7444.1,7485.35,0.830187665
08-Mar-16,7486.4,7527.15,7442.15,7485.3,1.142143063
09-Mar-16,7436.1,7539,7424.3,7531.8,1.544926794
10-Mar-16,7545.35,7547.1,7447.4,7486.15,1.338722239
11-Mar-16,7484.85,7543.95,7460.6,7510.2,1.11720237
14-Mar-16,7542.6,7583.7,7515.05,7538.75,0.913500243
15-Mar-16,7535.85,7545.2,7452.8,7460.6,1.23980249
16-Mar-16,7457.05,7508,7405.15,7498.75,1.388898267
17-Mar-16,7557.4,7585.3,7479.4,7512.55,1.415888975
18-Mar-16,7534.65,7613.6,7517.9,7604.35,1.272961864
21-Mar-16,7619.2,7713.55,7617.7,7704.25,1.258253804
22-Mar-16,7695.55,7728.2,7643.8,7714.9,1.104162851
23-Mar-16,7717.45,7726.85,7670.6,7716.5,0.733319427
28-Mar-16,7741,7749.4,7587.7,7615.1,2.131080565
29-Mar-16,7606.55,7652.9,7582.25,7597,0.931781463
30-Mar-16,7651.1,7741.95,7643.45,7735.2,1.288685083
31-Mar-16,7727.65,7777.6,7702,7738.4,0.98156323
01-Apr-16,7718.05,7740.15,7666.1,7713.05,0.965940961
04-Apr-16,7733.15,7764.45,7704.4,7758.8,0.779424744
05-Apr-16,7736.3,7736.3,7588.65,7603.2,1.945668861
06-Apr-16,7636.05,7638.65,7591.75,7614.35,0.617775875
07-Apr-16,7630.4,7630.75,7535.85,7546.45,1.259313813
08-Apr-16,7542.35,7569.35,7526.7,7555.2,0.566649395
11-Apr-16,7577.8,7678.8,7516.85,7671.4,2.154492906
12-Apr-16,7669.25,7717.4,7663.35,7708.95,0.705305121
13-Apr-16,7777.15,7864.8,7772.2,7850.45,1.191425851
18-Apr-16,7908.15,7920.6,7842.75,7914.7,0.992636511
20-Apr-16,7950.05,7950.4,7877.55,7914.75,0.924779913
21-Apr-16,7953.65,7978.45,7884.1,7912.05,1.19671237
22-Apr-16,7891.8,7923.35,7873.35,7899.3,0.635053694
25-Apr-16,7894.8,7911,7827,7855.05,1.073208126
26-Apr-16,7828.15,7974.5,7822.55,7962.65,1.942461218
27-Apr-16,7942,7991,7940.55,7979.9,0.635346418
28-Apr-16,7967.4,7992,7834.45,7847.25,2.010989923
29-Apr-16,7844.25,7889.05,7788.7,7849.8,1.288404997
02-May-16,7822.7,7829.8,7777.3,7805.9,0.675041467
03-May-16,7824.8,7890.25,7735.15,7747,2.005132415
04-May-16,7724.15,7749,7697.25,7706.55,0.672318036
05-May-16,7731,7777.55,7706.85,7735.5,0.91736572
06-May-16,7717.65,7738.9,7678.35,7733.45,0.78858088
09-May-16,7755.25,7873.65,7753.55,7866.05,1.548967892
10-May-16,7873.55,7896.9,7837.7,7887.8,0.755323628
11-May-16,7804.65,7893.1,7780.9,7848.85,1.441992572
12-May-16,7871.45,7916.05,7849.65,7900.4,0.845897588
13-May-16,7881,7881,7784.2,7814.9,1.243544616
16-May-16,7831.2,7873.9,7772.15,7860.75,1.309161558
17-May-16,7896.85,7940.1,7879.7,7890.75,0.766526644
18-May-16,7846.75,7882.05,7810.75,7870.15,0.912844477
19-May-16,7875.5,7876.2,7766.8,7783.4,1.40855951
20-May-16,7792.2,7812.4,7735.75,7749.7,0.990854151
23-May-16,7813.95,7820.6,7722.2,7731.05,1.274248271
24-May-16,7738.05,7761.55,7715.8,7748.85,0.592939164
25-May-16,7811.8,7941.2,7809.3,7934.9,1.689011819
26-May-16,7974.45,8083,7948.5,8069.65,1.692143172
27-May-16,8081.95,8164.2,8077.05,8156.65,1.078983045
30-May-16,8166.5,8200,8150.8,8178.5,0.60362173
31-May-16,8209.85,8213.6,8134.3,8160.1,0.974884133
01-Jun-16,8179.2,8215.35,8171.05,8179.95,0.542157985
02-Jun-16,8156.9,8229.5,8154.75,8218.95,0.916643674
03-Jun-16,8246.2,8262,8209.85,8220.8,0.63521258
06-Jun-16,8228.75,8234.7,8186.05,8201.05,0.594303724
07-Jun-16,8235.55,8294.95,8216.4,8266.45,0.9560148
08-Jun-16,8285.5,8288.9,8252.05,8273.05,0.446555704
09-Jun-16,8273.35,8273.35,8184.6,8203.6,1.084353542
10-Jun-16,8180.25,8265.6,8162.85,8170.05,1.258751539
13-Jun-16,8102.25,8125.25,8063.9,8110.6,0.760798125
14-Jun-16,8134.4,8134.95,8069.5,8108.85,0.811078753
15-Jun-16,8139.4,8213.2,8123.15,8206.6,1.108560103
16-Jun-16,8180.65,8180.65,8074.45,8140.75,1.315259863
17-Jun-16,8176.65,8195.25,8135.8,8170.2,0.730721011
20-Jun-16,8115.75,8244.15,8107.35,8238.5,1.687357768
21-Jun-16,8255.4,8257.25,8202.15,8219.9,0.671775083
22-Jun-16,8213.65,8238.35,8153.25,8203.7,1.043755558
23-Jun-16,8201.15,8285.6,8188.3,8270.45,1.18828084
24-Jun-16,8029.1,8100.7,7927.05,8088.6,2.190600539
27-Jun-16,8039.35,8120.65,8039.35,8094.7,1.011275787
28-Jun-16,8096.05,8146.35,8086.85,8127.85,0.73576238
29-Jun-16,8173.1,8212.4,8157.65,8204,0.671149167
30-Jun-16,8260.25,8308.15,8242.1,8287.75,0.801373436
01-Jul-16,8313.05,8356.75,8308.65,8328.35,0.578914745
04-Jul-16,8376.75,8398.45,8364.7,8370.7,0.403481296
05-Jul-16,8379.3,8381.45,8319.95,8335.95,0.739187135
07-Jul-16,8342,8361.95,8317.7,8337.9,0.531998028
08-Jul-16,8350,8353.3,8287.55,8323.2,0.793358713
11-Jul-16,8413.35,8475.25,8407.05,8467.9,0.811223913
12-Jul-16,8502.6,8526.6,8479.2,8521.05,0.559015001
13-Jul-16,8540.45,8550.25,8493.55,8519.5,0.667565388
14-Jul-16,8515.75,8571.4,8500.7,8565,0.831696213
15-Jul-16,8565.45,8594.8,8510.05,8541.4,0.99588134
18-Jul-16,8564.05,8587.1,8494.35,8508.7,1.091902264
19-Jul-16,8514.3,8540.05,8476.7,8528.55,0.747342716
20-Jul-16,8515.45,8569.9,8512.55,8565.85,0.673711168
21-Jul-16,8582.7,8585.25,8503.45,8510.1,0.961962498
22-Jul-16,8519.65,8548.95,8489.8,8541.2,0.696718415
25-Jul-16,8519.95,8641.15,8517.2,8635.65,1.455290471
26-Jul-16,8633.75,8644.9,8577.15,8590.65,0.789889415
27-Jul-16,8599.4,8665,8572.05,8615.8,1.084338052
28-Jul-16,8636.95,8674.7,8625.25,8666.3,0.573316715
29-Jul-16,8668.3,8670.35,8631.15,8638.5,0.454168911
01-Aug-16,8654.3,8711.3,8590.5,8636.55,1.406204528
02-Aug-16,8647.45,8687.2,8611.4,8622.9,0.880228534
03-Aug-16,8635.2,8635.45,8529.6,8544.85,1.240972613
04-Aug-16,8599.95,8601.4,8518.15,8551.1,0.977324889
05-Aug-16,8600.2,8689.4,8590.15,8683.15,1.155393096
08-Aug-16,8712.85,8723.5,8697.6,8711.35,0.297783297
09-Aug-16,8727.8,8728.35,8638.2,8678.25,1.043620199
10-Aug-16,8686.7,8690.1,8564.6,8575.3,1.465334049
11-Aug-16,8572.8,8601.15,8540.05,8592.15,0.715452486
12-Aug-16,8605.45,8684.3,8604.45,8672.15,0.928008182
16-Aug-16,8670.25,8682.35,8600.45,8642.55,0.952275753
17-Aug-16,8639.8,8667.1,8603.6,8624.05,0.738063136
18-Aug-16,8648.85,8690.7,8645.05,8673.25,0.528047842
19-Aug-16,8694.3,8696.6,8647.1,8666.9,0.572446254
22-Aug-16,8667,8684.85,8614,8629.15,0.822498259
23-Aug-16,8628.35,8642.15,8580,8632.6,0.724358974
24-Aug-16,8648.5,8661.05,8620.9,8650.3,0.465728636
25-Aug-16,8668.85,8683.05,8583.65,8592.2,1.15801553
26-Aug-16,8614.35,8622.95,8547.55,8572.55,0.882124117
29-Aug-16,8583.75,8622,8543.75,8607.45,0.915874177
30-Aug-16,8646.75,8750.6,8642.25,8744.35,1.253724435
31-Aug-16,8754.05,8819.2,8754.05,8786.2,0.744226958
01-Sep-16,8793.6,8813.25,8759.95,8774.65,0.608450961
02-Sep-16,8796.35,8824.1,8768.2,8809.65,0.637531078
06-Sep-16,8852.7,8950.85,8848.45,8943,1.157264832
07-Sep-16,8968.7,8968.7,8913.35,8917.95,0.620978644
08-Sep-16,8915.5,8960.35,8896,8952.5,0.723358813
09-Sep-16,8934.3,8939.15,8858.7,8866.7,0.908146794
12-Sep-16,8732.95,8746.95,8699.4,8715.6,0.54658942
14-Sep-16,8710.65,8739.85,8688.9,8726.6,0.586380324
15-Sep-16,8743.85,8751.95,8704.35,8742.55,0.54685301
16-Sep-16,8780.85,8847.65,8750.5,8779.85,1.110222273
19-Sep-16,8788.45,8824.3,8774.2,8808.4,0.570992227
20-Sep-16,8816.1,8816.45,8759.3,8775.9,0.652449397
21-Sep-16,8790.3,8826.85,8757.3,8777.15,0.794194558
22-Sep-16,8873.35,8893.35,8837.8,8867.45,0.628550092
23-Sep-16,8880.75,8885.2,8820.3,8831.55,0.735802637
26-Sep-16,8807.9,8809.55,8715.1,8723.05,1.08375119
27-Sep-16,8748.9,8768.5,8690.5,8706.4,0.897531788
28-Sep-16,8711.2,8767.05,8703.15,8745.15,0.734216921
29-Sep-16,8792.7,8800.65,8558.25,8591.25,2.832354745
30-Sep-16,8581.5,8637.15,8555.2,8611.15,0.957896952
03-Oct-16,8666.15,8745.2,8635,8738.1,1.276201506
04-Oct-16,8770,8783.65,8736.1,8769.15,0.54429322
05-Oct-16,8806.35,8806.95,8731.4,8743.95,0.865267884
06-Oct-16,8768.7,8781.15,8684.65,8709.55,1.11115589
07-Oct-16,8721.7,8723.7,8663.8,8697.6,0.691382534
10-Oct-16,8735.35,8745.8,8703.95,8708.8,0.480816181
13-Oct-16,8671.5,8681.55,8541.35,8573.35,1.641426707
14-Oct-16,8594,8604.45,8549.8,8583.4,0.639196239
17-Oct-16,8612.95,8615.4,8506.15,8520.4,1.284364842
18-Oct-16,8556.05,8685.1,8555.9,8677.9,1.510069075
19-Oct-16,8697.5,8698.75,8636.7,8659.1,0.718445703
20-Oct-16,8693.35,8727,8678.3,8699.4,0.561169814
21-Oct-16,8708.6,8709.1,8652.05,8693.05,0.659381303
24-Oct-16,8709.85,8736.95,8684.15,8708.95,0.608004238
25-Oct-16,8721.7,8722.65,8663.45,8691.3,0.683330544
26-Oct-16,8657.3,8657.3,8596.6,8615.25,0.706093107
27-Oct-16,8607.1,8624.85,8550.25,8615.25,0.872489109
28-Oct-16,8625,8653.75,8581.75,8638,0.838989717
30-Oct-16,8672.35,8678.25,8616.25,8625.7,0.719570579
01-Nov-16,8653.15,8669.6,8614.5,8626.25,0.639619247
02-Nov-16,8542.8,8549.5,8504.85,8514,0.524994562
03-Nov-16,8499.85,8537.65,8476.15,8484.95,0.725565263
04-Nov-16,8503.6,8504,8400.25,8433.75,1.235082289
07-Nov-16,8535.75,8535.85,8481.45,8497.05,0.641399761
08-Nov-16,8540,8559.4,8480.1,8543.55,0.935130482
09-Nov-16,8067.5,8476.2,8002.25,8432,5.922709238
10-Nov-16,8555.6,8598.45,8510.7,8525.75,1.031055025
11-Nov-16,8456.65,8460.6,8284.95,8296.3,2.120109355
15-Nov-16,8284.85,8288.55,8093.2,8108.45,2.413754757
16-Nov-16,8205.65,8210.05,8089.4,8111.6,1.491457957
17-Nov-16,8105.1,8151.25,8060.3,8079.95,1.128369912
18-Nov-16,8097.55,8128.95,8048.3,8074.1,1.002074972
21-Nov-16,8102.1,8102.45,7916.4,7929.1,2.350184427
22-Nov-16,7989.15,8019.05,7938.15,8002.3,1.019129142
23-Nov-16,8051.2,8055.2,7973.1,8033.3,1.029712408
24-Nov-16,8011.8,8024.85,7952.55,7965.5,0.909142351
25-Nov-16,8007.95,8122.25,7976.75,8114.3,1.824051149
28-Nov-16,8080.65,8146.5,8066.5,8126.9,0.991756028
29-Nov-16,8131.55,8197.35,8128.7,8142.15,0.844538487
30-Nov-16,8172.15,8234.25,8139.25,8224.5,1.167183709
01-Dec-16,8244,8250.8,8185.05,8192.9,0.80329381
02-Dec-16,8153.55,8159.3,8070.05,8086.8,1.105941103
05-Dec-16,8088.75,8141.9,8056.85,8128.75,1.055623476
06-Dec-16,8153.15,8178.7,8130.85,8143.15,0.588499357
07-Dec-16,8168.4,8190.45,8077.5,8102.05,1.398328691
08-Dec-16,8152.1,8256.25,8151.75,8246.85,1.281933327
09-Dec-16,8271.7,8274.95,8241.95,8261.75,0.400390684
12-Dec-16,8230.65,8230.65,8154.45,8170.8,0.934459099
13-Dec-16,8196.15,8228.85,8155.8,8221.8,0.895681601
14-Dec-16,8229.35,8229.4,8165.1,8182.45,0.78749801
15-Dec-16,8128.4,8225.9,8121.95,8153.6,1.279865057
16-Dec-16,8178.2,8178.7,8127.45,8139.45,0.630579087
19-Dec-16,8126,8132.5,8094.85,8104.35,0.465110533
20-Dec-16,8110.6,8124.1,8062.75,8082.4,0.760906639
21-Dec-16,8105.85,8112.55,8053.25,8061.3,0.736348679
22-Dec-16,8043.85,8046.45,7964.95,7979.1,1.02323304
23-Dec-16,7972.5,8022.6,7942.05,7985.75,1.014221769
26-Dec-16,7965.1,7970.05,7893.8,7908.25,0.965947959
27-Dec-16,7915.05,8044.65,7903.7,8032.85,1.783341979
28-Dec-16,8047.55,8100.55,8028.4,8034.85,0.898684669
29-Dec-16,8030.6,8111.1,8020.8,8103.6,1.125822861
30-Dec-16,8119.65,8197,8114.75,8185.8,1.01358637
02-Jan-17,8210.1,8212,8133.8,8179.5,0.961420246
03-Jan-17,8196.05,8219.1,8148.6,8192.25,0.865179295
04-Jan-17,8202.65,8218.5,8180.9,8190.5,0.459607134
05-Jan-17,8226.65,8282.65,8223.7,8273.8,0.716830624
06-Jan-17,8281.85,8306.85,8233.25,8243.8,0.893936173
09-Jan-17,8259.35,8263,8227.75,8236.05,0.428428185
10-Jan-17,8262.7,8293.8,8261,8288.6,0.397046362
11-Jan-17,8327.8,8389,8322.25,8380.65,0.802066749
12-Jan-17,8391.05,8417.2,8382.3,8407.2,0.416353507
13-Jan-17,8457.65,8461.05,8373.15,8400.35,1.049784131
16-Jan-17,8390.95,8426.7,8374.4,8412.8,0.624522354
17-Jan-17,8415.05,8440.9,8378.3,8398,0.74716828
18-Jan-17,8403.85,8460.3,8397.4,8417,0.74904137
19-Jan-17,8418.4,8445.15,8404.05,8435.1,0.489049922
20-Jan-17,8404.35,8423.65,8340.95,8349.35,0.991493775
23-Jan-17,8329.6,8404.15,8327.2,8391.5,0.924080123
24-Jan-17,8407.05,8480.95,8398.15,8475.8,0.985931425
25-Jan-17,8499.45,8612.6,8493.95,8602.75,1.3968766
27-Jan-17,8610.5,8672.7,8606.9,8641.25,0.764502899
30-Jan-17,8635.55,8662.6,8617.75,8632.75,0.520437469
31-Jan-17,8629.45,8631.75,8552.4,8561.3,0.927809738
01-Feb-17,8570.35,8722.4,8537.5,8716.4,2.165739385
02-Feb-17,8724.75,8757.6,8685.8,8734.25,0.826636579
03-Feb-17,8735.15,8748.25,8707.75,8740.95,0.465102926
06-Feb-17,8785.45,8814.1,8770.2,8801.05,0.50055871
07-Feb-17,8805.7,8809.3,8741.05,8768.3,0.780798645
08-Feb-17,8774.55,8791.25,8715,8769.05,0.874928285
09-Feb-17,8795.55,8821.4,8724.1,8778.4,1.115301292
10-Feb-17,8812.35,8822.1,8771.2,8793.55,0.580308282
13-Feb-17,8819.8,8826.9,8754.2,8805.05,0.830458523
14-Feb-17,8819.9,8820.45,8772.5,8792.3,0.546594471
15-Feb-17,8778.95,8807.9,8712.85,8724.7,1.090917438
16-Feb-17,8739,8783.95,8719.6,8778,0.737992568
17-Feb-17,8883.7,8896.45,8804.25,8821.7,1.047221512
20-Feb-17,8818.55,8886.25,8809.8,8879.2,0.867783605
21-Feb-17,8890.75,8920.8,8860.95,8907.85,0.675435478
22-Feb-17,8931.6,8960.75,8905.25,8926.9,0.623227871
23-Feb-17,8956.4,8982.15,8927.55,8939.5,0.611589966
27-Feb-17,8943.7,8951.8,8888.65,8896.7,0.710456594
28-Feb-17,8898.95,8914.75,8867.6,8879.6,0.531710948
01-Mar-17,8904.4,8960.8,8898.6,8945.8,0.698986357
02-Mar-17,8982.85,8992.5,8879.8,8899.75,1.269172729
03-Mar-17,8883.5,8907.1,8860.1,8897.55,0.530468053
06-Mar-17,8915.1,8967.8,8914,8963.45,0.603544985
07-Mar-17,8977.75,8977.85,8932.8,8946.9,0.504321154
08-Mar-17,8950.7,8957.05,8891.95,8924.3,0.732122875
09-Mar-17,8914.5,8945.8,8899.5,8927,0.520253947
10-Mar-17,8953.7,8975.7,8903.95,8934.55,0.805822135
14-Mar-17,9091.65,9122.75,9060.5,9087,0.687048176
15-Mar-17,9086.85,9106.55,9075.5,9084.8,0.34212991
16-Mar-17,9129.65,9158.45,9128.55,9153.7,0.327543805
17-Mar-17,9207.8,9218.4,9147.6,9160.05,0.773973501
20-Mar-17,9166.95,9167.6,9116.3,9126.85,0.5627283
21-Mar-17,9133.95,9147.75,9087.2,9121.5,0.666321859
22-Mar-17,9047.2,9072.9,9019.3,9030.45,0.594281153
23-Mar-17,9048.75,9099.05,9048.6,9086.3,0.557544814
24-Mar-17,9104,9133.55,9089.4,9108,0.485730631
27-Mar-17,9093.45,9094.85,9024.65,9045.2,0.777869502
28-Mar-17,9081.5,9110.4,9079.8,9100.8,0.337011828
29-Mar-17,9128.7,9153.15,9109.1,9143.8,0.483582352
30-Mar-17,9142.6,9183.15,9136.35,9173.75,0.512239571
31-Mar-17,9158.9,9191.7,9152.1,9173.75,0.43268758
03-Apr-17,9220.6,9245.35,9192.4,9237.85,0.57601932
05-Apr-17,9264.4,9273.9,9215.4,9265.15,0.634806954
06-Apr-17,9245.8,9267.95,9218.85,9261.95,0.532604392
07-Apr-17,9223.7,9250.5,9188.1,9198.3,0.679139322
10-Apr-17,9225.6,9225.65,9174.85,9181.45,0.553687526
11-Apr-17,9184.55,9242.7,9172.85,9237,0.761486343
12-Apr-17,9242.5,9246.4,9161.8,9203.45,0.923399332
13-Apr-17,9202.5,9202.65,9144.95,9150.8,0.630949322
17-Apr-17,9144.75,9160,9120.25,9139.3,0.435843316
18-Apr-17,9163,9217.9,9095.45,9105.15,1.346277534
19-Apr-17,9112.2,9120.5,9075.15,9103.5,0.499716258
20-Apr-17,9108.1,9143.9,9102.65,9136.4,0.453164738
21-Apr-17,9179.1,9183.65,9088.75,9119.4,1.044147985
24-Apr-17,9135.35,9225.4,9130.55,9217.95,1.038820224
25-Apr-17,9273.05,9309.2,9250.35,9306.6,0.636192144
26-Apr-17,9336.2,9367,9301.35,9351.85,0.705811522
27-Apr-17,9359.15,9367.15,9322.65,9342.15,0.477332089
28-Apr-17,9340.95,9342.65,9282.25,9304.05,0.650704301
02-May-17,9339.85,9352.55,9269.9,9313.8,0.891595379
03-May-17,9344.7,9346.3,9298.4,9311.95,0.51514239
04-May-17,9360.95,9365.65,9323.25,9359.9,0.454777036
05-May-17,9374.55,9377.1,9272,9285.3,1.133520276
08-May-17,9311.45,9338.7,9297.95,9314.05,0.438268651
09-May-17,9337.35,9338.95,9307.7,9316.85,0.335743524
10-May-17,9339.65,9414.75,9336,9407.3,0.843508997
11-May-17,9448.6,9450.65,9411.3,9422.4,0.418114394
12-May-17,9436.65,9437.75,9372.55,9400.9,0.695648463
15-May-17,9433.55,9449.25,9423.1,9445.4,0.277509524
16-May-17,9461,9517.2,9456.35,9512.25,0.643482951
17-May-17,9517.6,9532.6,9486.1,9525.75,0.490190911
18-May-17,9453.2,9489.1,9418.1,9429.45,0.753867553
19-May-17,9469.9,9505.75,9390.75,9427.9,1.224609323
22-May-17,9480.25,9498.65,9427.9,9438.25,0.750432228
23-May-17,9445.05,9448.05,9370,9386.15,0.832977588
24-May-17,9410.9,9431.9,9341.65,9360.55,0.966103419
25-May-17,9384.05,9523.3,9379.2,9509.75,1.536378369
26-May-17,9507.75,9604.9,9495.4,9595.1,1.153189966
29-May-17,9560.05,9637.75,9547.7,9604.9,0.943159085
30-May-17,9590.65,9635.3,9581.2,9624.55,0.564647435
31-May-17,9636.55,9649.6,9609.25,9621.25,0.419907901
01-Jun-17,9603.55,9634.65,9589.9,9616.1,0.466636774
02-Jun-17,9657.15,9673.5,9637.45,9653.5,0.374061603
05-Jun-17,9656.3,9687.2,9640.7,9675.1,0.482330121
06-Jun-17,9704.25,9709.3,9630.2,9637.15,0.821374426
07-Jun-17,9663.95,9678.55,9630.55,9663.9,0.498413902
08-Jun-17,9682.4,9688.7,9641.5,9647.25,0.489550381
09-Jun-17,9638.55,9676.25,9608.15,9668.25,0.708773281
12-Jun-17,9646.7,9647.05,9598.5,9616.4,0.505808199
13-Jun-17,9615.55,9654.15,9595.4,9606.9,0.612272547
14-Jun-17,9621.55,9627.4,9580.45,9618.15,0.490060488
15-Jun-17,9617.9,9621.4,9560.8,9578.05,0.633838173
16-Jun-17,9595.45,9615.85,9565.5,9588.05,0.526370812
19-Jun-17,9626.4,9673.3,9614.9,9657.55,0.607390612
20-Jun-17,9670.5,9676.5,9643.75,9653.5,0.339598185
21-Jun-17,9648.1,9650.45,9608.6,9633.6,0.435547322
22-Jun-17,9642.65,9698.85,9617.75,9630,0.843232565
23-Jun-17,9643.25,9647.65,9565.3,9574.95,0.860924383
27-Jun-17,9594.05,9615.4,9473.45,9511.4,1.498398155
28-Jun-17,9520.2,9522.5,9474.35,9491.25,0.508214284
29-Jun-17,9522.95,9575.8,9493.8,9504.1,0.863721587
30-Jun-17,9478.5,9535.8,9448.75,9520.9,0.921285884
03-Jul-17,9587.95,9624,9543.55,9615,0.842977718
04-Jul-17,9645.9,9650.65,9595.5,9613.3,0.57474858
05-Jul-17,9619.75,9643.65,9607.35,9637.6,0.37783572
06-Jul-17,9653.6,9700.7,9639.95,9674.55,0.630189991
07-Jul-17,9670.35,9684.25,9642.65,9665.8,0.431416675
10-Jul-17,9719.3,9782.15,9646.45,9771.05,1.40673512
11-Jul-17,9797.45,9830.05,9778.85,9786.05,0.523578948
12-Jul-17,9807.3,9824.95,9787.7,9816.1,0.380579707
13-Jul-17,9855.8,9897.25,9853.45,9891.7,0.444514358
14-Jul-17,9913.3,9913.3,9845.45,9886.35,0.689150826
17-Jul-17,9908.15,9928.2,9894.7,9915.95,0.33856509
18-Jul-17,9832.7,9885.35,9792.05,9827.15,0.952813762
19-Jul-17,9855.95,9905.05,9851.65,9899.6,0.542041181
20-Jul-17,9920.2,9922.55,9863.45,9873.3,0.599181828
21-Jul-17,9899.6,9924.7,9838,9915.25,0.881276682
24-Jul-17,9936.8,9982.05,9919.6,9966.4,0.629561676
25-Jul-17,10010.55,10011.3,9949.1,9964.55,0.625182177
26-Jul-17,9983.65,10025.95,9965.95,10020.65,0.60204998
27-Jul-17,10063.25,10114.85,10005.5,10020.55,1.092898906
28-Jul-17,9996.55,10026.05,9944.5,10014.5,0.820051285
31-Jul-17,10034.7,10085.9,10016.95,10077.1,0.688333275
01-Aug-17,10101.05,10128.6,10065.75,10114.65,0.624394605
02-Aug-17,10136.3,10137.85,10054.2,10081.5,0.831990611
03-Aug-17,10081.15,10081.15,9998.25,10013.65,0.8291451
04-Aug-17,10008.6,10075.25,9988.35,10066.4,0.870013566
07-Aug-17,10074.8,10088.1,10046.35,10057.4,0.415573815
08-Aug-17,10068.35,10083.8,9947,9978.55,1.375289032
09-Aug-17,9961.15,9969.8,9893.05,9908.05,0.775797151
10-Aug-17,9872.85,9892.65,9776.2,9820.25,1.191158119
11-Aug-17,9712.15,9771.65,9685.55,9710.8,0.888953131
14-Aug-17,9755.75,9818.3,9752.1,9794.15,0.67882815
16-Aug-17,9825.85,9903.95,9773.85,9897.3,1.331102892
17-Aug-17,9945.55,9947.8,9883.75,9904.15,0.648033388
18-Aug-17,9865.95,9865.95,9783.65,9837.4,0.841199348
21-Aug-17,9864.25,9884.35,9740.1,9754.35,1.480990955
22-Aug-17,9815.75,9828.45,9752.6,9765.55,0.77774132
23-Aug-17,9803.05,9857.9,9786.75,9852.5,0.727003346
24-Aug-17,9881.2,9881.5,9848.85,9857.05,0.331510786
28-Aug-17,9907.15,9925.75,9882,9912.8,0.442724145
29-Aug-17,9886.4,9887.35,9783.75,9796.05,1.058898684
30-Aug-17,9859.5,9909.45,9850.8,9884.4,0.595383116
31-Aug-17,9905.7,9925.1,9856.95,9917.9,0.691390339
01-Sep-17,9937.65,9983.45,9909.85,9974.4,0.742695399
04-Sep-17,9984.15,9988.4,9861,9912.85,1.291958219
05-Sep-17,9933.25,9963.1,9901.05,9952.2,0.626701208
06-Sep-17,9899.25,9931.55,9882.55,9916.2,0.495823446
07-Sep-17,9945.85,9964.85,9917.2,9929.9,0.480478361
08-Sep-17,9958.65,9963.6,9913.3,9934.8,0.507399151
11-Sep-17,9971.75,10028.65,9968.8,10006.05,0.600373164
12-Sep-17,10056.85,10097.55,10028.05,10093.05,0.693055978
13-Sep-17,10099.25,10131.95,10063.15,10079.3,0.683682545
14-Sep-17,10107.4,10126.5,10070.35,10086.6,0.557577443
15-Sep-17,10062.35,10115.15,10043.65,10085.4,0.711892589
18-Sep-17,10133.1,10171.7,10131.3,10153.1,0.398764226
19-Sep-17,10175.6,10178.95,10129.95,10147.55,0.483714135
20-Sep-17,10160.95,10171.05,10134.2,10141.15,0.363620217
21-Sep-17,10139.6,10158.9,10058.6,10121.9,0.997156662
22-Sep-17,10094.35,10095.05,9952.8,9964.4,1.429246041
25-Sep-17,9960.1,9960.5,9816.05,9872.6,1.471569521
26-Sep-17,9875.25,9891.35,9813,9871.5,0.798430653
27-Sep-17,9920.6,9921.05,9714.4,9735.75,2.127254385
28-Sep-17,9736.4,9789.2,9687.55,9768.95,1.049284907
29-Sep-17,9814.3,9854,9775.35,9788.6,0.804574772
03-Oct-17,9893.3,9895.4,9831.05,9859.5,0.65455877
04-Oct-17,9884.35,9938.3,9850.65,9914.9,0.889788999
05-Oct-17,9927,9945.95,9881.85,9888.7,0.648663965
06-Oct-17,9908.15,9989.35,9906.6,9979.7,0.835301718
09-Oct-17,9988.2,10015.75,9959.45,9988.75,0.56529226
10-Oct-17,10013.7,10034,10002.3,10016.95,0.316927107
11-Oct-17,10042.6,10067.25,9955.8,9984.8,1.11944796
12-Oct-17,10011.2,10104.45,9977.1,10096.4,1.276423009
13-Oct-17,10123.7,10191.9,10120.1,10167.45,0.709479155
16-Oct-17,10207.4,10242.95,10175.1,10230.85,0.666823913
17-Oct-17,10227.65,10251.85,10212.6,10234.45,0.384329162
18-Oct-17,10209.4,10236.45,10175.75,10210.85,0.596516227
19-Oct-17,10210.35,10211.95,10123.35,10146.55,0.875204354
23-Oct-17,10176.65,10224.15,10124.5,10184.85,0.984246136
24-Oct-17,10218.55,10237.75,10182.4,10207.7,0.543585009
25-Oct-17,10321.15,10340.55,10240.9,10295.35,0.973059008
26-Oct-17,10291.8,10355.65,10271.85,10343.8,0.815821882
27-Oct-17,10362.3,10366.15,10311.3,10323.05,0.531940686
30-Oct-17,10353.85,10384.5,10344.3,10363.65,0.38861982
31-Oct-17,10364.9,10367.7,10323.95,10335.3,0.423771909
01-Nov-17,10390.35,10451.65,10383.05,10440.5,0.660692186
02-Nov-17,10440.5,10453,10412.55,10423.8,0.388473525
03-Nov-17,10461.55,10461.7,10403.6,10452.5,0.558460533
06-Nov-17,10431.75,10490.45,10413.75,10451.8,0.736526227
07-Nov-17,10477.15,10485.75,10340.8,10350.15,1.401729073
08-Nov-17,10361.95,10384.25,10285.5,10303.15,0.960089446
09-Nov-17,10358.65,10368.45,10266.95,10308.95,0.988609081
10-Nov-17,10304.35,10344.95,10254.1,10321.75,0.885987069
13-Nov-17,10322,10334.15,10216.25,10224.95,1.154043803
14-Nov-17,10223.4,10248,10175.55,10186.6,0.712000826
15-Nov-17,10171.95,10175.45,10094,10118.05,0.806914999
16-Nov-17,10152.9,10232.25,10139.2,10214.75,0.917725264
17-Nov-17,10324.55,10343.6,10268.05,10283.6,0.735777485
20-Nov-17,10287.2,10309.85,10261.5,10298.75,0.471178678
21-Nov-17,10329.25,10358.7,10315.05,10326.9,0.423168089
22-Nov-17,10350.8,10368.7,10309.55,10342.3,0.573739882
23-Nov-17,10358.45,10374.3,10307.3,10348.75,0.65002474
24-Nov-17,10366.8,10404.5,10362.25,10389.7,0.407729981
27-Nov-17,10361.05,10407.15,10340.2,10399.55,0.64747297
28-Nov-17,10387.9,10409.55,10355.2,10370.25,0.524857077
29-Nov-17,10376.65,10392.95,10345.9,10361.3,0.454769522
30-Nov-17,10332.7,10332.7,10211.25,10226.55,1.189374464
01-Dec-17,10263.7,10272.7,10108.55,10121.8,1.62387286
04-Dec-17,10175.05,10179.2,10095.7,10127.75,0.827084798
05-Dec-17,10118.25,10147.95,10069.1,10118.25,0.783088856
06-Dec-17,10088.8,10104.2,10033.35,10044.1,0.706145006
07-Dec-17,10063.45,10182.65,10061.9,10166.7,1.200071557
08-Dec-17,10198.45,10270.85,10195.25,10265.65,0.741521787
11-Dec-17,10310.5,10329.2,10282.05,10322.25,0.458566142
12-Dec-17,10324.9,10326.1,10230.2,10240.15,0.937420578
13-Dec-17,10236.6,10296.55,10169.85,10192.95,1.245839417
14-Dec-17,10229.3,10276.1,10141.55,10252.1,1.326720275
15-Dec-17,10345.65,10373.1,10319.65,10333.25,0.517943923
18-Dec-17,10263.1,10443.55,10074.8,10388.75,3.660122285
19-Dec-17,10414.8,10472.2,10406,10463.2,0.63617144
20-Dec-17,10494.4,10494.45,10437.15,10444.2,0.549000446
21-Dec-17,10473.95,10473.95,10426.9,10440.3,0.451236705
22-Dec-17,10457.3,10501.1,10448.25,10493,0.505826335
26-Dec-17,10512.3,10545.45,10477.95,10531.5,0.644209984
27-Dec-17,10531.05,10552.4,10469.25,10490.75,0.794230723
28-Dec-17,10498.2,10534.55,10460.45,10477.9,0.708382527
29-Dec-17,10492.35,10538.7,10488.65,10530.7,0.477182478
01-Jan-18,10531.7,10537.85,10423.1,10435.55,1.100920072
02-Jan-18,10477.55,10495.2,10404.65,10442.2,0.87028396
03-Jan-18,10482.65,10503.6,10429.55,10443.2,0.71000187
04-Jan-18,10469.4,10513,10441.45,10504.8,0.685249654
05-Jan-18,10534.25,10566.1,10520.1,10558.85,0.437258201
08-Jan-18,10591.7,10631.2,10588.55,10623.6,0.402793584
09-Jan-18,10645.1,10659.15,10603.6,10637,0.523878683
10-Jan-18,10652.05,10655.5,10592.7,10632.2,0.592861121
11-Jan-18,10637.05,10664.6,10612.35,10651.2,0.492350893
12-Jan-18,10682.55,10690.4,10597.1,10681.25,0.880429551
15-Jan-18,10718.5,10782.65,10713.8,10741.55,0.642629133
16-Jan-18,10761.5,10762.35,10687.85,10700.45,0.697053196
17-Jan-18,10702.45,10803,10666.75,10788.55,1.277333771
18-Jan-18,10873.4,10887.5,10782.4,10817,0.974736608
19-Jan-18,10829.2,10906.85,10793.9,10894.7,1.046424369
22-Jan-18,10883.2,10975.1,10881.4,10966.2,0.861102432
23-Jan-18,10997.4,11092.9,10994.55,11083.7,0.89453411
24-Jan-18,11069.35,11110.1,11046.15,11086,0.578934742
25-Jan-18,11095.6,11095.6,11009.2,11069.65,0.784798169
29-Jan-18,11079.35,11171.55,11075.95,11130.4,0.863131379
30-Jan-18,11120.85,11121.1,11033.9,11049.65,0.790291737
31-Jan-18,11018.8,11058.5,10979.3,11027.7,0.721357464
01-Feb-18,11044.55,11117.35,10878.8,11016.9,2.192797
02-Feb-18,10938.2,10954.95,10736.1,10760.6,2.038449716
05-Feb-18,10604.3,10702.75,10586.8,10666.55,1.095231798
06-Feb-18,10295.15,10594.15,10276.3,10498.25,3.093039323
07-Feb-18,10607.2,10614,10446.4,10476.7,1.604380456
08-Feb-18,10518.5,10637.8,10479.55,10576.85,1.510083925
09-Feb-18,10416.5,10480.2,10398.2,10454.95,0.788598027
12-Feb-18,10518.2,10555.5,10485.4,10539.75,0.668548649
14-Feb-18,10585.75,10590.55,10456.65,10500.9,1.280524833
15-Feb-18,10537.9,10618.1,10511.05,10545.5,1.01845201
16-Feb-18,10596.2,10612.9,10434.05,10452.3,1.714099511
19-Feb-18,10488.9,10489.35,10302.75,10378.4,1.811166921
20-Feb-18,10391,10429.35,10347.65,10360.4,0.789551251
21-Feb-18,10426,10426.1,10349.6,10397.45,0.739159001
22-Feb-18,10354.35,10397.55,10340.65,10382.7,0.550255545
23-Feb-18,10408.1,10499.1,10396.65,10491.05,0.985413571
26-Feb-18,10526.55,10592.95,10520.2,10582.6,0.691526777
27-Feb-18,10615.2,10631.65,10537.25,10554.3,0.895869416
28-Feb-18,10488.95,10535.5,10461.55,10492.85,0.70687422
01-Mar-18,10479.95,10525.5,10447.15,10458.35,0.749965302
05-Mar-18,10428.3,10428.7,10323.9,10358.85,1.015120255
06-Mar-18,10420.5,10441.35,10215.9,10249.25,2.206854022
07-Mar-18,10232.95,10243.35,10141.55,10154.2,1.003791334
08-Mar-18,10216.25,10270.35,10146.4,10242.65,1.221615548
09-Mar-18,10271.3,10296.7,10211.9,10226.85,0.830403745
12-Mar-18,10301.6,10433.65,10295.45,10421.4,1.342340548
13-Mar-18,10389.5,10478.6,10377.85,10426.85,0.970817655
14-Mar-18,10393.05,10420.35,10336.3,10410.9,0.813153643
15-Mar-18,10405.45,10420,10346.2,10360.15,0.713305368
16-Mar-18,10345.15,10346.3,10180.25,10195.15,1.631099433
19-Mar-18,10215.35,10224.55,10075.3,10094.25,1.481345469
20-Mar-18,10051.55,10155.65,10049.1,10124.35,1.060293957
21-Mar-18,10181.95,10227.3,10132.95,10155.25,0.93112075
22-Mar-18,10167.5,10207.85,10105.4,10114.75,1.013814396
23-Mar-18,9968.8,10027.7,9951.9,9998.05,0.761663602
26-Mar-18,9989.15,10143.5,9958.55,10130.65,1.857198086
27-Mar-18,10188,10207.9,10139.65,10184.15,0.673100156
28-Mar-18,10143.6,10158.35,10096.9,10113.7,0.60860264
02-Apr-18,10151.65,10220.1,10127.75,10211.8,0.911851102
03-Apr-18,10186.85,10255.35,10171.05,10245,0.828822983
04-Apr-18,10274.6,10279.85,10111.3,10128.4,1.666946881
05-Apr-18,10228.45,10331.8,10227.45,10325.15,1.020293426
06-Apr-18,10322.75,10350.45,10290.85,10331.6,0.579155269
09-Apr-18,10333.7,10397.7,10328.5,10379.35,0.669990802
10-Apr-18,10412.9,10424.85,10381.5,10402.25,0.417569715
11-Apr-18,10428.15,10428.15,10355.6,10417.15,0.700587122
12-Apr-18,10410.65,10469.9,10395.25,10458.65,0.718116447
13-Apr-18,10495.3,10519.9,10451.45,10480.6,0.654933048
16-Apr-18,10398.3,10540.15,10396.35,10528.35,1.38317775
17-Apr-18,10557.3,10560.45,10495.65,10548.7,0.617398637
18-Apr-18,10578.9,10594.2,10509.7,10526.2,0.804019144
19-Apr-18,10563.65,10572.2,10546.2,10565.3,0.246534297
20-Apr-18,10560.35,10582.35,10527.45,10564.05,0.521493809
23-Apr-18,10592.8,10638.35,10514.95,10584.7,1.173567159
24-Apr-18,10578.1,10636.8,10569,10614.35,0.641498723
25-Apr-18,10612.4,10612.6,10536.45,10570.55,0.722729192
26-Apr-18,10586.5,10628.4,10559.65,10617.8,0.651063245
27-Apr-18,10651.65,10719.8,10647.55,10692.3,0.678559856
30-Apr-18,10705.75,10759,10704.6,10739.35,0.50819274
02-May-18,10783.85,10784.65,10689.8,10718.05,0.88729443
03-May-18,10720.15,10720.6,10647.45,10679.65,0.687018958
04-May-18,10700.45,10700.45,10601.6,10618.25,0.932406429
07-May-18,10653.15,10725.65,10635.65,10715.5,0.846210622
08-May-18,10757.9,10758.55,10689.4,10717.8,0.646902539
09-May-18,10693.35,10766.25,10689.85,10741.7,0.714696651
10-May-18,10779.65,10785.55,10705,10716.55,0.752452125
11-May-18,10741.95,10812.05,10724.45,10806.5,0.816825105
14-May-18,10815.15,10834.85,10774.75,10806.6,0.557785563
15-May-18,10812.6,10929.2,10781.4,10801.85,1.370879478
16-May-18,10751.95,10790.45,10699.7,10741.1,0.848154621
17-May-18,10775.6,10777.25,10664.5,10682.7,1.057246003
18-May-18,10671.85,10674.95,10589.1,10596.4,0.810739345
21-May-18,10616.7,10621.7,10505.8,10516.7,1.103200137
22-May-18,10518.45,10558.6,10490.55,10536.7,0.648679049
23-May-18,10521.1,10533.55,10417.8,10430.35,1.111079115
24-May-18,10464.85,10535.15,10419.8,10513.85,1.107027006
25-May-18,10533.05,10628.05,10524,10605.15,0.988692512
28-May-18,10648.35,10709.8,10640.55,10688.65,0.650812223
29-May-18,10689.4,10717.25,10616.1,10633.3,0.952798109
30-May-18,10579,10648.7,10558.45,10614.35,0.854765614
31-May-18,10670.1,10763.8,10620.4,10736.15,1.35023163
01-Jun-18,10738.45,10764.75,10681.5,10696.2,0.779384918
04-Jun-18,10765.95,10770.3,10618.35,10628.5,1.431013293
05-Jun-18,10630.7,10633.15,10550.9,10593.15,0.779554351
06-Jun-18,10603.45,10698.35,10587.5,10684.65,1.046989374
07-Jun-18,10722.6,10818,10722.6,10768.35,0.889709585
08-Jun-18,10736.4,10779.45,10709.05,10767.65,0.65738791
11-Jun-18,10781.85,10850.55,10777.05,10786.95,0.682004816
12-Jun-18,10816.15,10856.55,10789.4,10842.85,0.622370104
13-Jun-18,10887.5,10893.25,10842.65,10856.7,0.466675582
14-Jun-18,10832.9,10833.7,10773.55,10808.05,0.558311791
15-Jun-18,10808.65,10834,10755.4,10817.7,0.730795693
18-Jun-18,10830.2,10830.2,10787.35,10799.85,0.397224527
19-Jun-18,10789.45,10789.45,10701.2,10710.45,0.824673868
20-Jun-18,10734.65,10781.8,10724.05,10772.05,0.538509239
21-Jun-18,10808.45,10809.6,10725.9,10741.1,0.780354096
22-Jun-18,10742.7,10837,10710.45,10821.85,1.18155633
25-Jun-18,10822.9,10831.05,10753.05,10762.45,0.725375591
26-Jun-18,10742.7,10805.25,10732.55,10769.15,0.677378629
27-Jun-18,10785.5,10785.5,10652.4,10671.4,1.249483684
28-Jun-18,10660.8,10674.2,10557.7,10589.1,1.103460034
29-Jun-18,10612.85,10723.05,10612.35,10714.3,1.043124284
02-Jul-18,10732.35,10736.15,10604.65,10657.3,1.240022066
03-Jul-18,10668.6,10713.3,10630.25,10699.9,0.781261024
04-Jul-18,10715,10777.15,10677.75,10769.9,0.930907729
05-Jul-18,10786.05,10786.05,10726.25,10749.75,0.55751078
06-Jul-18,10744.15,10816.35,10735.05,10772.65,0.75733229
09-Jul-18,10838.3,10860.35,10807.15,10852.9,0.492266694
10-Jul-18,10902.75,10956.9,10876.65,10947.25,0.73781909
11-Jul-18,10956.4,10976.65,10923,10948.3,0.491165431
12-Jul-18,11006.95,11078.3,10999.65,11023.2,0.715022751
13-Jul-18,11056.9,11071.35,10999.75,11018.9,0.650923885
16-Jul-18,11018.95,11019.5,10926.25,10936.85,0.853449262
17-Jul-18,10939.65,11018.5,10925.6,11008.05,0.850296551
18-Jul-18,11060.2,11076.2,10956.3,10980.45,1.094347544
19-Jul-18,10999.5,11006.5,10935.45,10957.1,0.649721776
20-Jul-18,10963.5,11030.25,10946.2,11010.2,0.767846376
23-Jul-18,11019.85,11093.4,11010.95,11084.75,0.748800058
24-Jul-18,11109,11143.4,11092.5,11134.3,0.458868605
25-Jul-18,11148.4,11157.15,11113.25,11132,0.395023958
26-Jul-18,11132.95,11185.85,11125.7,11167.3,0.540640139
27-Jul-18,11232.75,11283.4,11210.25,11278.35,0.652527821
30-Jul-18,11296.65,11328.1,11261.45,11319.55,0.591842081
31-Jul-18,11311.05,11366,11267.75,11356.5,0.871957578
01-Aug-18,11359.8,11390.55,11313.55,11346.2,0.680599812
02-Aug-18,11328.9,11328.9,11234.95,11244.7,0.836229801
03-Aug-18,11297.8,11368,11294.55,11360.8,0.650313647
06-Aug-18,11401.5,11427.65,11370.6,11387.1,0.501732538
07-Aug-18,11423.15,11428.95,11359.7,11389.45,0.609611169
08-Aug-18,11412.5,11459.95,11379.3,11450,0.708743069
09-Aug-18,11493.25,11495.2,11454.1,11470.7,0.358823478
10-Aug-18,11474.95,11478.75,11419.65,11429.5,0.517528996
13-Aug-18,11369.6,11406.3,11340.3,11355.75,0.581995185
14-Aug-18,11381.7,11452.45,11370.8,11435.1,0.71806733
16-Aug-18,11397.15,11449.85,11366.25,11385.05,0.735510833
17-Aug-18,11437.15,11486.45,11431.8,11470.75,0.47805245
20-Aug-18,11502.1,11565.3,11499.65,11551.75,0.57088694
21-Aug-18,11576.2,11581.75,11539.6,11570.9,0.365263961
23-Aug-18,11620.7,11620.7,11546.7,11582.75,0.640875748
24-Aug-18,11566.6,11604.6,11532,11557.1,0.629552549
27-Aug-18,11605.85,11700.95,11595.6,11691.95,0.908534272
28-Aug-18,11731.95,11760.2,11710.5,11738.5,0.424405448
29-Aug-18,11744.95,11753.2,11678.85,11691.9,0.6366209
30-Aug-18,11694.75,11698.8,11639.7,11676.8,0.507745045
31-Aug-18,11675.85,11727.65,11640.1,11680.5,0.752141305
03-Sep-18,11751.8,11751.8,11567.4,11582.35,1.594135242
04-Sep-18,11598.75,11602.55,11496.85,11520.3,0.919382266
05-Sep-18,11514.85,11542.65,11393.85,11476.95,1.305967693
06-Sep-18,11514.15,11562.25,11436.05,11536.9,1.103527879
07-Sep-18,11558.25,11603,11484.4,11589.1,1.032705235
10-Sep-18,11570.25,11573,11427.3,11438.1,1.275016846
11-Sep-18,11476.85,11479.4,11274,11287.5,1.821891077
12-Sep-18,11340.1,11380.75,11250.2,11369.9,1.160423815
14-Sep-18,11443.5,11523.25,11430.55,11515.2,0.810984598
17-Sep-18,11464.95,11464.95,11366.9,11377.75,0.862592264
18-Sep-18,11381.55,11411.45,11268.95,11278.9,1.264536625
19-Sep-18,11326.65,11332.05,11210.9,11234.35,1.08064473
21-Sep-18,11271.3,11346.8,10866.45,11143.1,4.420486912
24-Sep-18,11164.4,11170.15,10943.6,10967.4,2.070159728
25-Sep-18,10969.95,11080.6,10882.85,11067.45,1.817079166
26-Sep-18,11145.55,11145.55,10993.05,11053.8,1.38724012
27-Sep-18,11079.8,11089.45,10953.35,10977.55,1.242542236
28-Sep-18,11008.1,11034.1,10850.3,10930.45,1.693962379
01-Oct-18,10930.9,11035.65,10821.55,11008.3,1.978459648
03-Oct-18,10982.7,10989.05,10843.75,10858.25,1.339942363
04-Oct-18,10754.7,10754.7,10547.25,10599.25,1.9668634
05-Oct-18,10514.1,10540.65,10261.9,10316.45,2.716358569
08-Oct-18,10310.15,10398.35,10198.4,10348.05,1.960601663
09-Oct-18,10390.3,10397.6,10279.35,10301.05,1.150364566
10-Oct-18,10331.85,10482.35,10318.25,10460.1,1.590385967
11-Oct-18,10169.8,10335.95,10138.6,10234.65,1.946521216
12-Oct-18,10331.55,10492.45,10322.15,10472.5,1.64985008
15-Oct-18,10524.2,10526.3,10410.15,10512.5,1.115738006
16-Oct-18,10550.15,10604.9,10525.3,10584.75,0.75627298
17-Oct-18,10688.7,10710.15,10436.45,10453.05,2.622539273
19-Oct-18,10339.7,10380.1,10249.6,10303.55,1.273220418
22-Oct-18,10405.85,10408.55,10224,10245.25,1.80506651
23-Oct-18,10152.6,10222.1,10102.35,10146.8,1.185367761
24-Oct-18,10278.15,10290.65,10126.7,10224.75,1.618987429
25-Oct-18,10135.05,10166.6,10079.3,10124.9,0.866131577
26-Oct-18,10122.35,10128.85,10004.55,10030,1.242434692
29-Oct-18,10078.1,10275.3,10020.35,10250.85,2.544322304
30-Oct-18,10239.4,10285.1,10175.35,10198.4,1.078586977
31-Oct-18,10209.55,10396,10105.1,10386.6,2.878744396
01-Nov-18,10441.7,10441.9,10341.9,10380.45,0.966940311
02-Nov-18,10462.3,10606.95,10457.7,10553,1.42717806
05-Nov-18,10558.75,10558.8,10477,10524,0.780757851
06-Nov-18,10552,10600.25,10491.45,10530,1.037034919
07-Nov-18,10614.45,10616.45,10582.3,10598.4,0.322708674
09-Nov-18,10614.7,10619.55,10544.85,10585.2,0.70840268
12-Nov-18,10607.8,10645.5,10464.05,10482.2,1.734032234
13-Nov-18,10451.9,10596.25,10440.55,10582.5,1.491300746
14-Nov-18,10634.9,10651.6,10532.7,10576.3,1.128865343
15-Nov-18,10580.6,10646.5,10557.5,10616.7,0.843002605
16-Nov-18,10644,10695.15,10631.15,10682.2,0.602004487
19-Nov-18,10731.25,10774.7,10688.8,10763.4,0.803644937
20-Nov-18,10740.1,10740.85,10640.85,10656.2,0.939774548
21-Nov-18,10670.95,10671.3,10562.35,10600.05,1.031493938
22-Nov-18,10612.65,10646.25,10512,10526.75,1.277111872
26-Nov-18,10568.3,10637.8,10489.75,10628.6,1.411377774
27-Nov-18,10621.45,10695.15,10596.35,10685.6,0.932396533
28-Nov-18,10708.75,10757.8,10699.85,10728.85,0.541596378
29-Nov-18,10808.7,10883.05,10782.35,10858.7,0.933933697
30-Nov-18,10892.1,10922.45,10835.1,10876.75,0.806176224
03-Dec-18,10930.7,10941.2,10845.35,10883.75,0.883788905
04-Dec-18,10877.1,10890.95,10833.35,10869.5,0.53169149
05-Dec-18,10820.45,10821.05,10747.95,10782.9,0.680129699
06-Dec-18,10718.15,10722.65,10588.25,10601.15,1.26933157
07-Dec-18,10644.8,10704.55,10599.35,10693.7,0.992513692
10-Dec-18,10508.7,10558.85,10474.95,10488.45,0.800958477
11-Dec-18,10350.05,10567.15,10333.85,10549.15,2.257629054
12-Dec-18,10591,10752.2,10560.8,10737.6,1.8123627
13-Dec-18,10810.75,10838.6,10749.5,10791.55,0.828875762
14-Dec-18,10784.5,10815.75,10752.1,10805.45,0.591977381
17-Dec-18,10853.2,10900.35,10844.85,10888.35,0.511763648
18-Dec-18,10850.9,10915.4,10819.1,10908.7,0.890092522
19-Dec-18,10930.55,10985.15,10928,10967.3,0.522968521
20-Dec-18,10885.2,10962.55,10880.05,10951.7,0.758268574
21-Dec-18,10944.25,10963.65,10738.65,10754,2.095235435
24-Dec-18,10780.9,10782.3,10649.25,10663.5,1.249383759
26-Dec-18,10635.45,10747.5,10534.55,10729.85,2.021443726
27-Dec-18,10817.9,10834.2,10764.45,10779.8,0.647966222
28-Dec-18,10820.95,10893.6,10817.15,10859.9,0.706748081
31-Dec-18,10913.2,10923.55,10853.2,10862.55,0.648195924
01-Jan-19,10881.7,10923.6,10807.1,10910.1,1.077995022
02-Jan-19,10868.85,10895.35,10735.05,10792.5,1.493239435
03-Jan-19,10796.8,10814.05,10661.25,10672.25,1.433227811
04-Jan-19,10699.7,10741.05,10628.65,10727.35,1.057519064
07-Jan-19,10804.85,10835.95,10750.15,10771.8,0.798128398
08-Jan-19,10786.25,10818.45,10733.25,10802.15,0.793794983
09-Jan-19,10862.4,10870.4,10749.4,10855.15,1.125644222
10-Jan-19,10859.35,10859.35,10801.8,10821.6,0.532781573
11-Jan-19,10834.75,10850.15,10739.4,10794.95,1.031249418
14-Jan-19,10807,10808,10692.35,10737.6,1.081614425
15-Jan-19,10777.55,10896.95,10777.55,10886.8,1.107858465
16-Jan-19,10899.65,10928.15,10876.9,10890.3,0.471182046
17-Jan-19,10920.85,10930.65,10844.65,10905.2,0.793017755
18-Jan-19,10914.85,10928.2,10852.2,10906.95,0.700318829
21-Jan-19,10919.35,10987.45,10885.75,10961.85,0.934248903
22-Jan-19,10949.8,10949.8,10864.15,10922.75,0.788372767
23-Jan-19,10931.05,10944.8,10811.95,10831.5,1.228733022
24-Jan-19,10844.05,10866.6,10798.65,10849.8,0.629245322
25-Jan-19,10859.75,10931.7,10756.45,10780.55,1.629255005
28-Jan-19,10792.45,10804.45,10630.95,10661.55,1.632027241
29-Jan-19,10653.7,10690.35,10583.65,10652.2,1.008158811
30-Jan-19,10702.25,10710.2,10612.85,10651.8,0.917284236
31-Jan-19,10690.55,10838.05,10678.55,10830.95,1.493648482
01-Feb-19,10851.35,10983.45,10813.45,10893.65,1.572116207
04-Feb-19,10876.75,10927.9,10814.15,10912.25,1.051862606
05-Feb-19,10908.65,10956.7,10886.7,10934.35,0.642986396
06-Feb-19,10965.1,11072.6,10962.7,11062.45,1.002490262
07-Feb-19,11070.45,11118.1,11043.6,11069.4,0.674598863
08-Feb-19,11023.5,11041.2,10925.45,10943.6,1.059452929
11-Feb-19,10930.9,10930.9,10857.1,10888.8,0.679739525
12-Feb-19,10879.7,10910.9,10823.8,10831.4,0.804708143
13-Feb-19,10870.55,10891.65,10772.1,10793.65,1.109811457
14-Feb-19,10786.1,10792.7,10718.75,10746.05,0.689912536
15-Feb-19,10780.25,10785.75,10620.4,10724.4,1.556909344
18-Feb-19,10738.65,10759.9,10628.4,10640.95,1.237251138
19-Feb-19,10636.7,10722.85,10585.65,10604.35,1.296094241
20-Feb-19,10655.45,10752.7,10646.4,10735.45,0.998459573
21-Feb-19,10744.1,10808.85,10721.5,10789.85,0.81471809
22-Feb-19,10782.7,10801.55,10758.4,10791.65,0.401081945
25-Feb-19,10813.25,10887.1,10788.05,10880.1,0.918145541
26-Feb-19,10775.3,10888.75,10729.3,10835.3,1.486117454
27-Feb-19,10881.2,10939.7,10751.2,10806.65,1.753292656
28-Feb-19,10865.7,10865.7,10784.85,10792.5,0.749662721
01-Mar-19,10842.65,10877.9,10823.1,10863.5,0.506324436
05-Mar-19,10864.85,10994.9,10817,10987.45,1.644633447
06-Mar-19,11024.85,11062.3,10998.85,11053,0.576878492
07-Mar-19,11077.95,11089.05,11027.1,11058.2,0.561797753
08-Mar-19,11038.85,11049,11008.95,11035.4,0.363794912
11-Mar-19,11068.75,11180.9,11059.85,11168.05,1.094499473
12-Mar-19,11231.35,11320.4,11227,11301.2,0.831923043
13-Mar-19,11326.2,11352.3,11276.6,11341.7,0.671301633
14-Mar-19,11382.5,11383.45,11313.75,11343.25,0.616064523
15-Mar-19,11376.85,11487,11370.8,11426.85,1.021915784
18-Mar-19,11473.85,11530.15,11412.5,11462.2,1.030887185
19-Mar-19,11500.3,11543.85,11451.25,11532.4,0.808645344
20-Mar-19,11553.35,11556.1,11503.1,11521.05,0.460745364
22-Mar-19,11549.2,11572.8,11434.55,11456.9,1.209055013
25-Mar-19,11395.65,11395.65,11311.6,11354.25,0.74304254
26-Mar-19,11375.2,11496.75,11352.45,11483.25,1.271091262
27-Mar-19,11531.45,11546.2,11413,11445.05,1.16709016
28-Mar-19,11463.65,11588.5,11452.45,11570,1.187955416
29-Mar-19,11625.45,11630.35,11570.15,11623.9,0.520304404
01-Apr-19,11665.2,11738.1,11644.75,11669.15,0.801648812
02-Apr-19,11711.55,11729.35,11655.85,11713.2,0.630584642
03-Apr-19,11735.3,11761,11629.15,11643.95,1.133788798
04-Apr-19,11660.2,11662.55,11559.2,11598,0.894093017
05-Apr-19,11638.4,11689.65,11609.5,11665.95,0.690382876
08-Apr-19,11704.35,11710.3,11549.1,11604.5,1.395779758
09-Apr-19,11612.05,11683.9,11569.7,11671.95,0.98706103
10-Apr-19,11646.85,11680.05,11571.75,11584.3,0.935899929
11-Apr-19,11592.55,11606.7,11550.55,11596.7,0.486124037
12-Apr-19,11612.85,11657.35,11578.8,11643.45,0.678394998
15-Apr-19,11667,11704.6,11648.25,11690.35,0.483763655
16-Apr-19,11736.2,11810.95,11731.55,11787.15,0.676807412
18-Apr-19,11856.15,11856.15,11738.5,11752.8,1.002257529
22-Apr-19,11727.05,11727.05,11583.95,11594.45,1.235329918
23-Apr-19,11612.95,11645.95,11564.8,11575.95,0.701698257
24-Apr-19,11601.5,11740.85,11578.85,11726.15,1.399102674
25-Apr-19,11735.7,11796.75,11624.3,11641.8,1.483530191
26-Apr-19,11683.75,11762.9,11661.75,11754.65,0.867365533
30-Apr-19,11748.75,11756.25,11655.9,11748.15,0.860937379
02-May-19,11725.55,11789.3,11699.55,11724.75,0.767123522
03-May-19,11722.6,11770.9,11699.35,11712.25,0.611572438
06-May-19,11605.8,11632.55,11571.35,11598.25,0.52889248
07-May-19,11651.5,11657.05,11484.45,11497.9,1.50290175
08-May-19,11478.7,11479.1,11346.95,11359.45,1.164630143
09-May-19,11322.4,11357.6,11255.05,11301.8,0.911146552
10-May-19,11314.15,11345.8,11251.05,11278.9,0.842143622
13-May-19,11258.7,11300.2,11125.6,11148.2,1.569353563
14-May-19,11151.65,11294.75,11108.3,11222.05,1.678474654
15-May-19,11271.7,11286.8,11136.95,11157,1.345520991
16-May-19,11180.35,11281.55,11143.35,11257.1,1.240201555
17-May-19,11261.9,11426.15,11259.85,11407.15,1.476929089
20-May-19,11651.9,11845.2,11591.7,11828.25,2.186909599
21-May-19,11863.65,11883.55,11682.8,11709.1,1.71833807
22-May-19,11727.95,11784.8,11682.4,11737.9,0.876532219
23-May-19,11901.3,12041.15,11614.5,11657.05,3.67342546
24-May-19,11748,11859,11658.1,11844.1,1.723265369
27-May-19,11855.5,11957.15,11812.4,11924.75,1.225407199
28-May-19,11958.35,11958.55,11864.9,11928.75,0.789302902
29-May-19,11905.8,11931.9,11836.8,11861.1,0.803426602
30-May-19,11865.3,11968.55,11859.4,11945.9,0.920366966
31-May-19,11999.8,12039.25,11829.45,11922.8,1.773539767
03-Jun-19,11953.75,12103.05,11920.1,12088.55,1.53480256
04-Jun-19,12052.65,12095.2,12005.85,12021.65,0.744220526
06-Jun-19,12039.8,12039.8,11830.25,11843.75,1.771306608
07-Jun-19,11865.2,11897.5,11769.5,11870.65,1.087556821
10-Jun-19,11934.9,11975.05,11871.75,11922.7,0.870132878
11-Jun-19,11959.85,12000.35,11904.35,11965.6,0.806427902
12-Jun-19,11962.45,11962.45,11866.35,11906.2,0.809853072
13-Jun-19,11873.9,11931.35,11817.05,11914.05,0.967246479
14-Jun-19,11910.1,11911.85,11797.7,11823.3,0.967561474
17-Jun-19,11844,11844.05,11657.75,11672.15,1.598078531
18-Jun-19,11677.05,11727.2,11641.15,11691.5,0.739188139
19-Jun-19,11744.45,11802.5,11625.1,11691.45,1.526008378
20-Jun-19,11653.65,11843.5,11635.05,11831.75,1.791569439
21-Jun-19,11827.6,11827.95,11705.1,11724.1,1.049542507
24-Jun-19,11725.8,11754,11670.2,11699.65,0.718068242
25-Jun-19,11681,11814.4,11651,11796.45,1.402454725
26-Jun-19,11768.15,11871.85,11757.55,11847.55,0.972141305
27-Jun-19,11860.85,11911.15,11821.05,11841.55,0.762199635
28-Jun-19,11861.15,11871.7,11775.5,11788.85,0.816950448
01-Jul-19,11839.9,11884.65,11830.8,11865.6,0.455167867
02-Jul-19,11890.3,11917.45,11814.7,11910.3,0.869679298
03-Jul-19,11932.15,11945.2,11887.05,11916.75,0.489187814
04-Jul-19,11928.8,11969.25,11923.65,11946.75,0.382433231
05-Jul-19,11964.75,11981.75,11797.9,11811.15,1.558328177
08-Jul-19,11770.4,11771.9,11523.3,11558.6,2.157368115
09-Jul-19,11531.6,11582.55,11461,11555.9,1.06055318
10-Jul-19,11536.15,11593.7,11475.65,11498.9,1.028699899
11-Jul-19,11561.45,11599,11519.5,11582.9,0.69013412
12-Jul-19,11601.15,11639.55,11538.6,11552.5,0.874889501
15-Jul-19,11614.75,11618.4,11532.3,11588.35,0.746598684
16-Jul-19,11596.65,11670.05,11573.95,11662.6,0.830312901
17-Jul-19,11670.75,11706.65,11651.15,11687.5,0.476347828
18-Jul-19,11675.6,11677.15,11582.4,11596.9,0.818051526
19-Jul-19,11627.95,11640.35,11399.3,11419.25,2.114603528
22-Jul-19,11392.85,11398.15,11301.25,11346.2,0.857427276
23-Jul-19,11372.25,11398.15,11302.8,11331.05,0.843596277
24-Jul-19,11322.45,11359.75,11229.8,11271.3,1.157188908
25-Jul-19,11290.4,11361.4,11239.35,11252.15,1.08591689
26-Jul-19,11247.45,11307.6,11210.05,11284.3,0.870201293
29-Jul-19,11307.5,11310.95,11152.4,11189.2,1.421667085
30-Jul-19,11213.7,11267.45,11072.65,11085.4,1.759289782
31-Jul-19,11034.05,11145.3,10999.4,11118,1.326435987
01-Aug-19,11060.2,11076.75,10881,10980,1.799007444
02-Aug-19,10930.3,11080.15,10848.95,10997.35,2.13108181
05-Aug-19,10895.8,10895.8,10782.6,10862.6,1.049839556
06-Aug-19,10815.4,11018.55,10813.8,10948.25,1.893413971
07-Aug-19,10958.1,10975.65,10835.9,10855.5,1.289694442
08-Aug-19,10899.2,11058.05,10842.95,11032.45,1.983777478
09-Aug-19,11087.9,11181.45,11062.8,11109.65,1.072513288
13-Aug-19,11139.4,11145.9,10901.6,10925.85,2.240955456
14-Aug-19,11003.25,11078.15,10935.6,11029.4,1.303540729
16-Aug-19,11043.65,11068.65,10924.3,11047.8,1.321366129
19-Aug-19,11094.8,11146.9,11037.85,11053.9,0.987964142
20-Aug-19,11063.9,11076.3,10985.3,11017,0.828379744
21-Aug-19,11018.15,11034.2,10906.65,10918.7,1.169470002
22-Aug-19,10905.3,10908.25,10718.3,10741.35,1.772202681
23-Aug-19,10699.6,10862.55,10637.15,10829.35,2.118988639
26-Aug-19,11000.3,11070.3,10756.55,11057.85,2.916827421
27-Aug-19,11106.55,11141.75,11049.5,11105.35,0.834879406
28-Aug-19,11101.3,11129.65,10987.65,11046.1,1.292360059
29-Aug-19,10996.05,11021.1,10922.4,10948.3,0.90364755
30-Aug-19,10987.8,11042.6,10874.8,11023.25,1.543016883
03-Sep-19,10960.95,10967.5,10772.7,10797.9,1.80827462
04-Sep-19,10790.4,10858.75,10746.35,10844.65,1.045936527
05-Sep-19,10860.95,10920.1,10816,10847.9,0.962463018
06-Sep-19,10883.8,10957.05,10867.45,10946.2,0.824480444
09-Sep-19,10936.7,11028.85,10889.8,11003.05,1.276882955
11-Sep-19,11028.5,11054.8,11011.65,11035.7,0.391857714
12-Sep-19,11058.3,11081.75,10964.95,10982.8,1.065212336
13-Sep-19,10986.8,11084.45,10945.75,11075.9,1.267158486
16-Sep-19,10994.85,11052.7,10968.2,11003.5,0.770409001
17-Sep-19,11000.1,11000.1,10796.5,10817.6,1.885796323
18-Sep-19,10872.8,10885.15,10804.85,10840.65,0.743184774
19-Sep-19,10845.2,10845.2,10670.25,10704.8,1.639605445
20-Sep-19,10746.8,11381.9,10691,11274.2,6.462445047
23-Sep-19,11542.7,11694.85,11471.35,11600.2,1.948332149
24-Sep-19,11590.7,11655.05,11539.2,11588.2,1.003969079
25-Sep-19,11564.85,11564.95,11416.1,11440.2,1.303860338
26-Sep-19,11469.85,11610.85,11466.35,11571.2,1.260209221
27-Sep-19,11556.35,11593.6,11499.75,11512.4,0.816104698
30-Sep-19,11491.15,11508.25,11390.8,11474.45,1.03109527
01-Oct-19,11515.4,11554.2,11247.9,11359.9,2.723174993
03-Oct-19,11322.25,11370.4,11257.35,11314,1.00423279
04-Oct-19,11388.45,11400.3,11158.35,11174.75,2.168331339
07-Oct-19,11196.2,11233.85,11112.65,11126.4,1.090648945
09-Oct-19,11152.95,11321.6,11090.15,11313.3,2.086987101
10-Oct-19,11280.5,11293.35,11208.55,11234.55,0.756565301
11-Oct-19,11257.7,11362.9,11189.4,11305.05,1.550574651
14-Oct-19,11335.9,11420.45,11290.05,11341.15,1.154999314
15-Oct-19,11360.85,11462.35,11342.1,11428.3,1.060209309
16-Oct-19,11464.95,11481.05,11411.1,11464,0.612999623
17-Oct-19,11466.3,11599.1,11439.65,11586.35,1.39383635
18-Oct-19,11580.3,11684.7,11553.15,11661.85,1.138650498
22-Oct-19,11657.15,11714.35,11573.65,11588.35,1.215692543
23-Oct-19,11596.2,11651.6,11554.4,11604.1,0.84123797
24-Oct-19,11661.65,11679.6,11534.65,11582.6,1.256648446
25-Oct-19,11646.15,11646.9,11490.75,11583.9,1.358919131
27-Oct-19,11662.25,11672.4,11604.6,11627.15,0.584251073
29-Oct-19,11643.95,11809.4,11627.35,11786.85,1.565704997
30-Oct-19,11883.9,11883.95,11784.45,11844.1,0.844332998
31-Oct-19,11890.45,11945,11855.1,11877.45,0.758323422
01-Nov-19,11886.6,11918.3,11843.35,11890.6,0.632844592
04-Nov-19,11928.9,11989.15,11905.35,11941.3,0.703885228
05-Nov-19,11974.6,11978.95,11861.9,11917.2,0.986772777
06-Nov-19,11911.5,12002.9,11850.25,11966.05,1.288158478
07-Nov-19,12021.1,12021.4,11946.85,12012.05,0.624013861
08-Nov-19,11987.15,12034.15,11888.75,11908.15,1.223004942
11-Nov-19,11879.2,11932.65,11853.95,11913.45,0.663913717
13-Nov-19,11908.3,11946.8,11823.2,11840.45,1.04540226
14-Nov-19,11858.75,11895.65,11802.65,11872.1,0.787958636
15-Nov-19,11904.2,11973.65,11879.25,11895.45,0.794662963
18-Nov-19,11915.15,11946.2,11867.6,11884.5,0.662307459
19-Nov-19,11919.45,11958.85,11881.75,11940.1,0.648894313
20-Nov-19,12004.75,12038.6,11966.05,11999.1,0.606298653
21-Nov-19,12025.65,12028.2,11956.9,11968.4,0.596308408
22-Nov-19,11967.3,11968.1,11883.5,11914.4,0.711911474
25-Nov-19,11922.45,12084.5,11919.75,12073.75,1.382159861
26-Nov-19,12110.2,12132.45,12006.35,12037.7,1.050277561
27-Nov-19,12068.5,12114.9,12055.15,12100.7,0.495638793
28-Nov-19,12132.1,12158.8,12099.95,12151.15,0.486365646
29-Nov-19,12146.2,12147.4,12017.4,12056.05,1.081764774
02-Dec-19,12137.05,12137.15,12023.7,12048.2,0.943553149
03-Dec-19,12067.65,12068.6,11956.4,11994.2,0.938409555
04-Dec-19,11969.95,12054.7,11935.3,12043.2,1.00039379
05-Dec-19,12071.25,12081.2,11998.75,12018.4,0.687154912
06-Dec-19,12047.35,12057.05,11888.85,11921.5,1.414770983
09-Dec-19,11939.1,11981.95,11888.05,11937.5,0.789868818
10-Dec-19,11950.5,11953.2,11844.7,11856.8,0.916021512
11-Dec-19,11867.35,11923.2,11832.3,11910.15,0.768236099
12-Dec-19,11944.3,12005.5,11934,11971.8,0.59912854
13-Dec-19,12026.4,12098.85,12023.6,12086.7,0.62585249
16-Dec-19,12131.35,12134.65,12046.3,12053.95,0.73342022
17-Dec-19,12082.45,12182.75,12070.35,12165,0.931207463
18-Dec-19,12197,12237.7,12163.45,12221.65,0.610435362
19-Dec-19,12223.4,12268.35,12191.15,12259.7,0.633246248
20-Dec-19,12266.45,12293.9,12252.75,12271.8,0.335842974
23-Dec-19,12235.45,12287.15,12213.25,12262.75,0.605080548
24-Dec-19,12269.25,12283.7,12202.1,12214.55,0.668737348
26-Dec-19,12211.85,12221.55,12118.85,12126.55,0.847440145
27-Dec-19,12172.9,12258.45,12157.9,12245.8,0.827034274
30-Dec-19,12274.9,12286.45,12213.8,12255.85,0.594818975
31-Dec-19,12247.1,12247.1,12151.8,12168.45,0.784245955
01-Jan-20,12202.15,12222.2,12165.3,12182.5,0.467723772
02-Jan-20,12198.55,12289.9,12195.25,12282.2,0.776121851
03-Jan-20,12261.1,12265.6,12191.35,12226.65,0.609038376
06-Jan-20,12170.6,12179.1,11974.2,11993.05,1.711179035
07-Jan-20,12079.1,12152.15,12005.35,12052.95,1.222788174
08-Jan-20,11939.1,12044.95,11929.6,12025.35,0.966922613
09-Jan-20,12153.15,12224.05,12132.55,12215.9,0.754169569
10-Jan-20,12271,12311.2,12213.2,12256.8,0.802410507
13-Jan-20,12296.7,12337.75,12285.8,12329.55,0.422845887
14-Jan-20,12333.1,12374.25,12308.7,12362.3,0.532550147
15-Jan-20,12349.4,12355.15,12278.75,12343.3,0.622213173
16-Jan-20,12347.1,12389.05,12315.8,12355.5,0.594764449
17-Jan-20,12328.4,12385.45,12321.4,12352.35,0.519827292
20-Jan-20,12430.5,12430.5,12216.9,12224.55,1.748397711
21-Jan-20,12195.3,12230.05,12162.3,12169.85,0.557049242
22-Jan-20,12218.35,12225.05,12087.9,12106.9,1.13460568
23-Jan-20,12123.75,12189,12094.1,12180.35,0.784680133
24-Jan-20,12174.55,12272.15,12149.65,12248.25,1.008259497
27-Jan-20,12197.1,12216.6,12107,12119,0.905261419
28-Jan-20,12148.1,12163.55,12024.5,12055.8,1.156389039
29-Jan-20,12114.9,12169.6,12103.8,12129.5,0.543630926
30-Jan-20,12147.75,12150.3,12010.6,12035.8,1.163139227
31-Jan-20,12100.4,12103.55,11945.85,11962.1,1.320123725
01-Feb-20,11939,12017.35,11633.3,11661.85,3.301298858
03-Feb-20,11627.45,11749.85,11614.5,11707.9,1.165353653
04-Feb-20,11786.25,11986.15,11783.4,11979.65,1.720640902
05-Feb-20,12005.85,12098.15,11953.35,12089.15,1.21137589
06-Feb-20,12120,12160.6,12084.65,12137.95,0.628483241
07-Feb-20,12151.15,12154.7,12073.95,12098.35,0.668795216
10-Feb-20,12102.35,12103.55,11990.75,12031.5,0.940725142
11-Feb-20,12108.4,12172.3,12099,12107.9,0.605835193
12-Feb-20,12151,12231.75,12144.3,12201.2,0.720090907
13-Feb-20,12219.55,12225.65,12139.8,12174.65,0.707178042
14-Feb-20,12190.15,12246.7,12091.2,12113.45,1.286059283
17-Feb-20,12131.8,12159.6,12037,12045.8,1.018526211
18-Feb-20,12028.25,12030.75,11908.05,11992.5,1.030395405
19-Feb-20,12090.6,12134.7,12042.1,12125.9,0.768968868
20-Feb-20,12119,12152,12071.45,12080.85,0.667276922
24-Feb-20,12012.55,12012.55,11813.4,11829.4,1.685797484
25-Feb-20,11877.5,11883.05,11779.9,11797.9,0.875644106
26-Feb-20,11738.55,11783.25,11639.6,11678.5,1.23414894
27-Feb-20,11661.25,11663.85,11536.7,11633.3,1.102134926
28-Feb-20,11382,11384.8,11175.05,11201.75,1.876949096
02-Mar-20,11387.35,11433,11036.25,11132.75,3.594971118
03-Mar-20,11217.55,11342.25,11152.55,11303.3,1.700956284
04-Mar-20,11351.35,11356.6,11082.15,11251,2.47650501
05-Mar-20,11306.05,11389.5,11244.6,11269,1.288618537
06-Mar-20,10942.65,11035.1,10827.4,10989.45,1.918281397
09-Mar-20,10742.05,10751.55,10294.45,10451.45,4.440256643
11-Mar-20,10334.3,10545.1,10334,10458.4,2.042771434
12-Mar-20,10039.95,10040.75,9508,9590.15,5.603176273
13-Mar-20,9107.6,10159.4,8555.15,9955.2,18.75186291
16-Mar-20,9587.8,9602.2,9165.1,9197.4,4.769178732
17-Mar-20,9285.4,9403.8,8915.6,8967.05,5.475795235
18-Mar-20,9088.45,9127.55,8407.05,8468.8,8.570188116
19-Mar-20,8063.3,8575.45,7832.55,8263.45,9.484778265
20-Mar-20,8284.45,8883,8178.2,8745.45,8.618033308
23-Mar-20,7945.7,8159.25,7583.6,7610.25,7.590722084
24-Mar-20,7848.3,8036.95,7511.1,7801.05,7.000971895
25-Mar-20,7735.15,8376.75,7714.75,8317.85,8.580965035
26-Mar-20,8451,8749.05,8304.9,8641.45,5.348047538
27-Mar-20,8949.1,9038.9,8522.9,8660.25,6.0542773
30-Mar-20,8385.95,8576,8244,8281.1,4.027171276
31-Mar-20,8529.35,8678.3,8358,8597.75,3.832256521
01-Apr-20,8584.1,8588.1,8198.35,8253.8,4.754005379
03-Apr-20,8356.55,8356.55,8055.8,8083.8,3.733334988
07-Apr-20,8446.3,8819.4,8360.95,8792.2,5.48322858
08-Apr-20,8688.9,9131.7,8653.9,8748.75,5.52121009
09-Apr-20,8973.05,9128.35,8904.55,9111.9,2.513321841
13-Apr-20,9103.95,9112.05,8912.4,8993.85,2.240137337
15-Apr-20,9196.4,9261.2,8874.1,8925.3,4.362132498
16-Apr-20,8851.25,9053.75,8821.9,8992.8,2.628118659
17-Apr-20,9323.45,9324,9091.35,9266.75,2.559025887
20-Apr-20,9390.2,9390.85,9230.8,9261.85,1.73386922
21-Apr-20,9016.95,9044.4,8909.4,8981.45,1.515253552
22-Apr-20,9026.75,9209.75,8946.25,9187.3,2.945368171
23-Apr-20,9232.35,9343.6,9170.15,9313.9,1.891463062
24-Apr-20,9163.9,9296.9,9141.3,9154.4,1.7021649
27-Apr-20,9259.7,9377.1,9250.35,9282.3,1.370218424
28-Apr-20,9389.8,9404.4,9260,9380.9,1.559395248
29-Apr-20,9408.6,9599.85,9392.35,9553.35,2.209244758
30-Apr-20,9753.5,9889.05,9731.5,9859.9,1.618969326
04-May-20,9533.5,9533.5,9266.95,9293.5,2.876350903
05-May-20,9429.4,9450.9,9190.75,9205.6,2.830563338
06-May-20,9226.8,9346.9,9116.5,9270.9,2.527285691
07-May-20,9234.05,9277.85,9175.9,9199.05,1.111062675
08-May-20,9376.95,9382.65,9238.2,9251.5,1.563616289
11-May-20,9348.15,9439.9,9219.95,9239.2,2.385587774
12-May-20,9168.85,9240.85,9043.95,9196.55,2.177146048
13-May-20,9584.2,9584.5,9351.1,9383.55,2.495963042
14-May-20,9213.95,9281.1,9119.75,9142.75,1.769237095
15-May-20,9182.4,9182.4,9050,9136.85,1.462983425
18-May-20,9158.3,9158.3,8806.75,8823.25,3.991824453
19-May-20,8961.7,9030.35,8855.3,8879.1,1.976782266
20-May-20,8889.15,9093.8,8875.35,9066.55,2.461311385
21-May-20,9079.45,9178.55,9056.1,9106.25,1.352127295
22-May-20,9067.9,9149.6,8968.55,9039.25,2.018720975
26-May-20,9099.75,9161.65,8996.65,9029.05,1.834015995
27-May-20,9082.2,9334,9004.25,9314.95,3.662159536
28-May-20,9364.95,9511.25,9336.5,9490.1,1.871686392
29-May-20,9422.2,9598.85,9376.9,9580.3,2.366986957
01-Jun-20,9726.85,9931.6,9706.95,9826.15,2.314321182
02-Jun-20,9880.85,9995.6,9824.05,9979.1,1.746224826
03-Jun-20,10108.3,10176.2,10035.55,10061.55,1.401517605
04-Jun-20,10054.25,10123.85,9944.25,10029.1,1.806068834
05-Jun-20,10093.8,10177.8,10040.75,10142.15,1.364937878
08-Jun-20,10326.75,10328.5,10120.25,10167.45,2.05775549
09-Jun-20,10181.15,10291.15,10021.45,10046.65,2.691227317
10-Jun-20,10072.6,10148.75,10036.85,10116.15,1.114891624
11-Jun-20,10094.1,10112.05,9885.05,9902,2.296397084
12-Jun-20,9544.95,9996.05,9544.35,9972.9,4.732642872
15-Jun-20,9919.35,9943.35,9726.35,9813.7,2.231052759
16-Jun-20,10014.8,10046.15,9728.5,9914,3.26514879
17-Jun-20,9876.7,10003.6,9833.8,9881.15,1.726697716
18-Jun-20,9863.25,10111.2,9845.05,10091.65,2.703389013
19-Jun-20,10119,10272.4,10072.65,10244.4,1.983092831
22-Jun-20,10318.75,10393.65,10277.6,10311.2,1.129154666
23-Jun-20,10347.95,10484.7,10301.75,10471,1.77591186
24-Jun-20,10529.25,10553.15,10281.95,10305.3,2.637631967
25-Jun-20,10235.55,10361.8,10194.5,10288.9,1.641080975
26-Jun-20,10378.9,10409.85,10311.25,10383,0.95623712
29-Jun-20,10311.95,10337.95,10223.6,10312.4,1.118490551
30-Jun-20,10382.6,10401.05,10267.35,10302.1,1.302186056
01-Jul-20,10323.8,10447.05,10299.6,10430.05,1.431608995
02-Jul-20,10493.05,10598.2,10485.55,10551.7,1.074335633
03-Jul-20,10614.95,10631.3,10562.65,10607.35,0.649931599
06-Jul-20,10723.85,10811.4,10695.1,10763.65,1.087413862
07-Jul-20,10802.85,10813.8,10689.7,10799.65,1.160930615
08-Jul-20,10818.65,10847.85,10676.55,10705.75,1.604450876
09-Jul-20,10755.55,10836.85,10733,10813.45,0.967576633
10-Jul-20,10764.1,10819.4,10713,10768.05,0.993185849
13-Jul-20,10851.85,10894.05,10756.05,10802.7,1.28299887
14-Jul-20,10750.85,10755.65,10562.9,10607.35,1.824782967
15-Jul-20,10701,10827.45,10577.75,10618.2,2.360615443
16-Jul-20,10706.2,10755.3,10595.2,10739.95,1.511061613
17-Jul-20,10752,10933.45,10749.65,10901.7,1.709823111
20-Jul-20,10999.45,11037.9,10953,11022.2,0.775130101
21-Jul-20,11126.1,11179.55,11113.25,11162.25,0.596585157
22-Jul-20,11231.2,11238.1,11056.55,11132.6,1.642013105
23-Jul-20,11135,11239.8,11103.15,11215.45,1.230731819
24-Jul-20,11149.95,11225.4,11090.3,11194.15,1.218181654
27-Jul-20,11225,11225,11087.85,11131.8,1.236939533
28-Jul-20,11154.1,11317.75,11151.4,11300.55,1.491740947
29-Jul-20,11276.9,11341.4,11149.75,11202.85,1.71887262
30-Jul-20,11254.3,11299.95,11084.95,11102.15,1.93956671
31-Jul-20,11139.5,11150.4,11026.65,11073.45,1.122281019
03-Aug-20,11057.55,11058.05,10882.25,10891.6,1.615474741
04-Aug-20,10946.65,11112.25,10908.1,11095.25,1.871544999
05-Aug-20,11155.75,11225.65,11064.05,11101.65,1.460586313
06-Aug-20,11185.7,11256.8,11127.3,11200.15,1.163804337
07-Aug-20,11186.65,11231.9,11142.05,11214.05,0.806404566
10-Aug-20,11270.25,11337.3,11238,11270.15,0.883609183
11-Aug-20,11322.25,11373.6,11299.15,11322.5,0.658899121
12-Aug-20,11289,11322,11242.65,11308.4,0.705794452
13-Aug-20,11334.85,11359.3,11269.95,11300.45,0.792816295
14-Aug-20,11353.3,11366.25,11111.45,11178.4,2.29313006
17-Aug-20,11248.9,11267.1,11144.5,11247.1,1.100094217
18-Aug-20,11259.8,11401.7,11253.15,11385.35,1.320074823
19-Aug-20,11452.15,11460.35,11394.1,11408.4,0.581441272
20-Aug-20,11317.45,11361.45,11289.8,11312.2,0.634643661
21-Aug-20,11409.65,11418.5,11362.2,11371.6,0.495502632
24-Aug-20,11412,11497.25,11410.65,11466.45,0.758940113
25-Aug-20,11513.1,11525.9,11423.35,11472.25,0.897722647
26-Aug-20,11512.85,11561.75,11461.85,11549.6,0.871587047
27-Aug-20,11609.3,11617.35,11540.6,11559.25,0.665043412
28-Aug-20,11602.95,11686.05,11589.4,11647.6,0.833951714
31-Aug-20,11777.55,11794.25,11325.85,11387.5,4.135671936
01-Sep-20,11464.3,11553.55,11366.9,11470.25,1.642048404
02-Sep-20,11478.55,11554.75,11430.4,11535,1.087888438
03-Sep-20,11566.2,11584.95,11507.65,11527.45,0.671727069
04-Sep-20,11354.4,11452.05,11303.65,11333.85,1.312850274
07-Sep-20,11359.6,11381.15,11251.7,11355.05,1.150492814
08-Sep-20,11378.55,11437.25,11290.45,11317.35,1.300213898
09-Sep-20,11218.6,11298.15,11185.15,11278,1.010268079
10-Sep-20,11363.3,11464.05,11327.4,11449.25,1.206366863
11-Sep-20,11447.8,11493.5,11419.9,11464.45,0.644489006
14-Sep-20,11540.15,11568.9,11383.55,11440.05,1.628226696
15-Sep-20,11487.2,11535.95,11442.25,11521.8,0.818894885
16-Sep-20,11538.45,11618.1,11516.75,11604.55,0.880022576
17-Sep-20,11539.4,11587.2,11498.5,11516.1,0.771404966
18-Sep-20,11584.1,11584.1,11446.1,11504.95,1.205650833
21-Sep-20,11503.8,11535.25,11218.5,11250.55,2.823461247
22-Sep-20,11301.75,11302.2,11084.65,11153.65,1.962623989
23-Sep-20,11258.75,11259.55,11024.4,11131.85,2.1329959
24-Sep-20,11011,11015.3,10790.2,10805.55,2.086152249
25-Sep-20,10910.4,11072.6,10854.85,11050.25,2.006015744
28-Sep-20,11140.85,11239.35,11099.85,11227.55,1.25677374
29-Sep-20,11288.6,11305.4,11181,11222.4,1.112601735
30-Sep-20,11244.45,11295.4,11184.55,11247.55,0.991099329
01-Oct-20,11364.45,11428.6,11347.05,11416.95,0.718688998
05-Oct-20,11487.8,11578.05,11452.3,11503.35,1.09803271
06-Oct-20,11603.45,11680.3,11564.3,11662.4,1.003087087
07-Oct-20,11679.25,11763.05,11629.35,11738.85,1.149677325
08-Oct-20,11835.4,11905.7,11791.15,11834.6,0.97149133
09-Oct-20,11852.05,11938.6,11805.2,11914.2,1.130010504
12-Oct-20,11973.55,12022.05,11867.2,11930.95,1.304857085
13-Oct-20,11934.65,11988.2,11888.9,11934.5,0.835232864
14-Oct-20,11917.4,11997.2,11822.15,11971.05,1.480695136
15-Oct-20,12023.45,12025.45,11661.3,11680.35,3.122722166
16-Oct-20,11727.4,11789.75,11667.85,11762.45,1.044751175
19-Oct-20,11879.2,11898.25,11820.4,11873.05,0.658607154
20-Oct-20,11861,11949.25,11837.25,11896.8,0.946165706
21-Oct-20,11958.55,12018.65,11775.75,11937.65,2.062713628
22-Oct-20,11890,11939.55,11823.45,11896.45,0.981946894
23-Oct-20,11957.9,11974.55,11908.75,11930.35,0.552534901
26-Oct-20,11937.4,11942.85,11711.7,11767.75,1.973667358
27-Oct-20,11807.1,11899.05,11723,11889.4,1.501748699
28-Oct-20,11922.6,11929.4,11684.85,11729.6,2.092880953
29-Oct-20,11633.3,11744.15,11606.45,11670.8,1.186409281
30-Oct-20,11678.45,11748.95,11535.45,11642.4,1.850816396
02-Nov-20,11697.35,11725.65,11557.4,11669.15,1.455777251
03-Nov-20,11734.45,11836.2,11723.3,11813.5,0.963039417
04-Nov-20,11783.35,11929.65,11756.4,11908.5,1.473665408
05-Nov-20,12062.4,12131.1,12027.6,12120.3,0.860520802
06-Nov-20,12156.65,12280.4,12131.85,12263.55,1.224462881
09-Nov-20,12399.4,12474.05,12367.35,12461.05,0.862755562
10-Nov-20,12556.4,12643.9,12475.25,12631.1,1.351876716
11-Nov-20,12680.6,12769.75,12571.1,12749.15,1.580211756
12-Nov-20,12702.15,12741.15,12624.85,12690.8,0.921199064
13-Nov-20,12659.7,12735.95,12607.7,12719.95,1.017235499
14-Nov-20,12823.35,12828.7,12749.45,12780.25,0.621595441
17-Nov-20,12932.5,12934.05,12797.1,12874.2,1.070164334
18-Nov-20,12860.1,12948.85,12819.35,12938.25,1.010191624
19-Nov-20,12839.5,12963,12745.75,12771.7,1.704489732
20-Nov-20,12813.4,12892.45,12730.25,12859.05,1.274130516
23-Nov-20,12960.3,12968.85,12825.7,12926.45,1.116118418
24-Nov-20,13002.6,13079.1,12978,13055.15,0.779010633
25-Nov-20,13130,13145.85,12833.65,12858.4,2.432667246
26-Nov-20,12906.45,13018,12790.4,12987,1.779459595
27-Nov-20,13012.05,13035.3,12914.3,12968.95,0.936945866
01-Dec-20,13062.2,13128.4,12962.8,13109.05,1.277501774
02-Dec-20,13121.4,13128.5,12983.55,13113.75,1.116412691
03-Dec-20,13215.3,13216.6,13107.9,13133.9,0.829270898
04-Dec-20,13177.4,13280.05,13152.85,13258.55,0.967090783
07-Dec-20,13264.85,13366.65,13241.95,13355.75,0.941704205
08-Dec-20,13393.85,13435.45,13311.05,13392.95,0.934561887
09-Dec-20,13458.1,13548.9,13449.6,13529.1,0.73831192
10-Dec-20,13488.5,13503.55,13399.3,13478.3,0.778025718
11-Dec-20,13512.3,13579.35,13402.85,13513.85,1.316884096
14-Dec-20,13571.45,13597.5,13472.45,13558.15,0.928190492
15-Dec-20,13547.2,13589.65,13447.05,13567.85,1.060455639
16-Dec-20,13663.1,13692.35,13606.45,13682.7,0.631318235
17-Dec-20,13713.55,13773.25,13673.55,13740.7,0.729144955
18-Dec-20,13764.4,13772.85,13658.6,13760.55,0.836469331
21-Dec-20,13741.9,13777.5,13131.45,13328.4,4.919867951
22-Dec-20,13373.65,13492.05,13192.9,13466.3,2.267507523
23-Dec-20,13473.5,13619.45,13432.2,13601.1,1.394038207
24-Dec-20,13672.15,13771.75,13626.9,13749.25,1.062971035
28-Dec-20,13815.15,13885.3,13811.55,13873.2,0.533973377
29-Dec-20,13910.35,13967.6,13859.9,13932.6,0.777061884
30-Dec-20,13980.9,13997,13864.95,13981.95,0.952401559
01-Jan-21,13996.1,14049.85,13991.35,14018.5,0.418115478
04-Jan-21,14104.35,14147.95,13953.75,14132.9,1.391740572
05-Jan-21,14075.15,14215.6,14048.15,14199.5,1.191971897
06-Jan-21,14240.95,14244.15,14039.9,14146.25,1.454782441
07-Jan-21,14253.75,14256.25,14123.1,14137.35,0.942781684
08-Jan-21,14258.4,14367.3,14221.65,14347.25,1.024142768
11-Jan-21,14474.05,14498.2,14383.1,14484.75,0.800244732
12-Jan-21,14473.8,14590.65,14432.85,14563.45,1.093339153
13-Jan-21,14639.8,14653.35,14435.7,14564.85,1.507720443
14-Jan-21,14550.05,14617.8,14471.5,14595.6,1.010952562
15-Jan-21,14594.35,14617.45,14357.85,14433.7,1.80807015
18-Jan-21,14453.3,14459.15,14222.8,14281.3,1.661768428
19-Jan-21,14371.65,14546.05,14350.85,14521.15,1.360198176
20-Jan-21,14538.3,14666.45,14517.55,14644.7,1.025655155
21-Jan-21,14730.95,14753.55,14517.25,14590.35,1.627718748
22-Jan-21,14583.4,14619.9,14357.75,14371.9,1.825843186
25-Jan-21,14477.8,14491.1,14218.6,14238.9,1.916503735
27-Jan-21,14237.95,14237.95,13929.3,13967.5,2.215832813
28-Jan-21,13810.4,13898.25,13713.25,13817.55,1.349060215
29-Jan-21,13946.6,13966.85,13596.75,13634.6,2.721974001
01-Feb-21,13758.6,14336.35,13661.75,14281.2,4.937873991
02-Feb-21,14481.1,14731.7,14469.15,14647.85,1.814550267
03-Feb-21,14754.9,14868.85,14574.15,14789.95,2.022073328
04-Feb-21,14789.05,14913.7,14714.75,14895.65,1.352044717
05-Feb-21,14952.6,15014.65,14864.75,14924.25,1.008425974
08-Feb-21,15064.3,15159.9,15041.05,15115.8,0.790170899
09-Feb-21,15164.15,15257.1,15064.3,15109.3,1.279847056
10-Feb-21,15119.05,15168.25,14977.2,15106.5,1.275605587
11-Feb-21,15073.25,15188.5,15065.4,15173.3,0.817104093
12-Feb-21,15186.2,15243.5,15081,15163.3,1.077514754
15-Feb-21,15270.3,15340.15,15243.4,15314.7,0.63470092
16-Feb-21,15371.45,15431.75,15242.2,15313.45,1.243586884
17-Feb-21,15279.9,15314.3,15170.75,15208.9,0.946228763
18-Feb-21,15238.7,15250.75,15078.05,15118.95,1.145373573
19-Feb-21,15074.8,15144.05,14898.2,14981.75,1.650199353
22-Feb-21,14999.05,15010.1,14635.05,14675.7,2.562683421
23-Feb-21,14782.25,14854.5,14651.85,14707.8,1.383101793
24-Feb-21,14729.15,15008.8,14723.05,14982,1.94083427
25-Feb-21,15079.85,15176.5,15065.35,15097.35,0.737785714
26-Feb-21,14888.6,14919.45,14467.75,14529.15,3.122116431
01-Mar-21,14702.5,14806.8,14638.55,14761.55,1.149362471
02-Mar-21,14865.3,14959.1,14760.8,14919.1,1.343423121
03-Mar-21,15064.4,15273.15,14995.8,15245.6,1.849517865
04-Mar-21,15026.75,15202.35,14980.2,15080.75,1.482957504
05-Mar-21,14977.95,15092.35,14862.1,14938.1,1.549242705
08-Mar-21,15002.45,15111.15,14919.9,14956.2,1.281845053
09-Mar-21,15049.9,15126.85,14925.45,15098.4,1.349373051
10-Mar-21,15202.15,15218.45,15100.85,15174.8,0.778764109
12-Mar-21,15321.15,15336.3,14953.6,15030.95,2.559249947
15-Mar-21,15048.4,15048.4,14745.85,14929.5,2.051763717
16-Mar-21,14996.1,15051.6,14890.65,14910.45,1.080879612
17-Mar-21,14946.55,14956.55,14696.05,14721.3,1.77258515
18-Mar-21,14855.5,14875.2,14478.6,14557.85,2.739215117
19-Mar-21,14471.15,14788.25,14350.1,14744,3.053288827