NAV_Date,NAV_Value
26/03/2018,65.3211
27/03/2018,65.6586
28/03/2018,65.2101
02/04/2018,65.8108
03/04/2018,66.0125
04/04/2018,65.2729
05/04/2018,66.5154
06/04/2018,66.5561
09/04/2018,66.8616
10/04/2018,67.0082
11/04/2018,67.1032
12/04/2018,67.3702
13/04/2018,67.5107
16/04/2018,67.8142
17/04/2018,67.946
18/04/2018,67.8005
19/04/2018,68.0524
20/04/2018,68.044
23/04/2018,68.176
24/04/2018,68.3664
25/04/2018,68.0846
26/04/2018,68.388
27/04/2018,68.866
30/04/2018,69.1669
02/05/2018,69.0351
03/05/2018,68.7889
04/05/2018,68.3959
07/05/2018,69.0184
08/05/2018,69.0331
09/05/2018,69.1878
10/05/2018,69.0262
11/05/2018,69.6019
14/05/2018,69.6017
15/05/2018,69.5711
16/05/2018,69.181
17/05/2018,68.806
18/05/2018,68.2524
21/05/2018,67.7409
22/05/2018,67.8687
23/05/2018,67.186
24/05/2018,67.7205
25/05/2018,68.3712
28/05/2018,68.9028
29/05/2018,68.5468
30/05/2018,68.4246
31/05/2018,69.2731
01/06/2018,69.0162
04/06/2018,68.5889
05/06/2018,68.3615
06/06/2018,68.9468
07/06/2018,69.4833
08/06/2018,69.4786
11/06/2018,69.6012
12/06/2018,69.9594
13/06/2018,70.047
14/06/2018,69.8329
15/06/2018,69.8948
18/06/2018,69.7794
19/06/2018,69.2062
20/06/2018,69.6008
21/06/2018,69.4154
22/06/2018,69.9347
25/06/2018,69.5519
26/06/2018,69.5944
27/06/2018,68.9998
28/06/2018,68.471
29/06/2018,69.276
02/07/2018,68.9082
03/07/2018,69.1822
04/07/2018,69.6314
05/07/2018,69.5288
06/07/2018,69.6746
09/07/2018,70.1886
10/07/2018,70.7975
11/07/2018,70.813
12/07/2018,71.3073
13/07/2018,71.2772
16/07/2018,70.7513
17/07/2018,71.2166
18/07/2018,71.0442
19/07/2018,70.9567
20/07/2018,71.2984
23/07/2018,71.7796
24/07/2018,72.0976
25/07/2018,72.0806
26/07/2018,72.3232
27/07/2018,73.036
30/07/2018,73.3026
31/07/2018,73.5406
01/08/2018,73.4739
02/08/2018,72.8289
03/08/2018,73.5758
06/08/2018,73.7444
07/08/2018,73.7591
08/08/2018,74.1489
09/08/2018,74.2872
10/08/2018,74.0209
13/08/2018,73.5524
14/08/2018,74.1134
16/08/2018,73.7898
17/08/2018,74.3425
20/08/2018,74.8692
21/08/2018,74.9901
23/08/2018,75.0647
24/08/2018,74.9133
27/08/2018,75.7822
28/08/2018,76.0824
29/08/2018,75.7798
30/08/2018,75.684
31/08/2018,75.7205
03/09/2018,75.0844
04/09/2018,74.6835
05/09/2018,74.4023
06/09/2018,74.8015
07/09/2018,75.1378
10/09/2018,74.171
11/09/2018,73.1978
12/09/2018,73.7321
14/09/2018,74.67
17/09/2018,73.7837
18/09/2018,73.1443
19/09/2018,72.8608
21/09/2018,72.2702
24/09/2018,71.1302
25/09/2018,71.7767
26/09/2018,71.6878
27/09/2018,71.1953
28/09/2018,70.8918
01/10/2018,71.3978
03/10/2018,70.4289
04/10/2018,68.7517
05/10/2018,66.925
08/10/2018,67.1277
09/10/2018,66.8236
10/10/2018,67.8496
11/10/2018,66.3929
12/10/2018,67.9216
15/10/2018,68.1788
16/10/2018,68.6446
17/10/2018,67.7931
19/10/2018,66.8252
22/10/2018,66.4449
23/10/2018,65.8144
24/10/2018,66.3168
25/10/2018,65.7304
26/10/2018,65.1167
29/10/2018,66.5515
30/10/2018,66.2132
31/10/2018,67.4308
01/11/2018,67.3998
02/11/2018,68.5165
05/11/2018,68.3332
06/11/2018,68.3714
09/11/2018,68.727
12/11/2018,68.0605
13/11/2018,68.7099
14/11/2018,68.6696
15/11/2018,68.9308
16/11/2018,69.3544
19/11/2018,69.8787
20/11/2018,69.1838
21/11/2018,68.82
22/11/2018,68.345
26/11/2018,69.004
27/11/2018,69.3728
28/11/2018,69.6529
29/11/2018,70.4939
30/11/2018,70.6104
03/12/2018,70.6548
04/12/2018,70.562
05/12/2018,69.9996
06/12/2018,68.8208
07/12/2018,69.4192
10/12/2018,68.0885
11/12/2018,68.4799
12/12/2018,69.6955
13/12/2018,70.0439
14/12/2018,70.1333
17/12/2018,70.669
18/12/2018,70.8004
19/12/2018,71.1799
20/12/2018,71.0779
21/12/2018,69.8188
24/12/2018,69.2312
26/12/2018,69.6603
27/12/2018,69.9828
28/12/2018,70.5209
31/12/2018,70.5364
01/01/2019,70.8446
02/01/2019,70.0821
03/01/2019,69.3025
04/01/2019,69.6591
07/01/2019,69.9502
08/01/2019,70.1422
09/01/2019,70.4843
10/01/2019,70.2664
11/01/2019,70.0932
14/01/2019,69.7207
15/01/2019,70.6867
16/01/2019,70.7089
17/01/2019,70.8121
18/01/2019,70.823
21/01/2019,71.178
22/01/2019,70.9241
23/01/2019,70.3322
24/01/2019,70.4751
25/01/2019,70.0257
28/01/2019,69.2531
29/01/2019,69.1943
30/01/2019,69.1913
31/01/2019,70.3527
01/02/2019,70.7587
04/02/2019,70.8784
05/02/2019,71.0223
06/02/2019,71.8715
07/02/2019,71.9161
08/02/2019,71.1002
11/02/2019,70.76
12/02/2019,70.3965
13/02/2019,70.151
14/02/2019,69.8494
15/02/2019,69.7082
18/02/2019,69.1646
19/02/2019,68.9266
20/02/2019,69.7791
21/02/2019,70.1468
22/02/2019,70.1579
25/02/2019,70.7312
26/02/2019,70.4396
27/02/2019,70.2535
28/02/2019,70.1874
01/03/2019,70.648
05/03/2019,71.4522
06/03/2019,71.8779
07/03/2019,71.9116
08/03/2019,71.7629
11/03/2019,72.6244
12/03/2019,73.4894
13/03/2019,73.7585
14/03/2019,73.7888
15/03/2019,74.3417
18/03/2019,74.5709
19/03/2019,75.0275
20/03/2019,74.9521
22/03/2019,74.5501
25/03/2019,73.881
26/03/2019,74.7194
27/03/2019,74.4746
28/03/2019,75.2884
29/03/2019,75.6383
01/04/2019,75.9333
02/04/2019,76.2207
03/04/2019,75.7679
04/04/2019,75.4679
05/04/2019,75.9091
08/04/2019,75.5094
09/04/2019,75.9468
10/04/2019,75.3772
11/04/2019,75.4573
12/04/2019,75.7606
15/04/2019,76.0641
16/04/2019,76.6923
18/04/2019,76.4686
22/04/2019,75.4384
23/04/2019,75.3176
24/04/2019,76.2943
25/04/2019,75.7452
26/04/2019,76.4788
30/04/2019,76.4359
02/05/2019,76.2834
03/05/2019,76.2015
06/05/2019,75.4584
07/05/2019,74.8208
08/05/2019,73.9202
09/05/2019,73.5445
10/05/2019,73.3947
13/05/2019,72.5443
14/05/2019,73.0236
15/05/2019,72.6002
16/05/2019,73.2513
17/05/2019,74.2269
20/05/2019,76.9637
21/05/2019,76.1879
22/05/2019,76.4544
23/05/2019,75.9283
24/05/2019,77.1452
27/05/2019,77.6692
28/05/2019,77.6993
29/05/2019,77.2588
30/05/2019,77.8101
31/05/2019,77.6595
03/06/2019,78.7428
04/06/2019,78.3371
06/06/2019,77.1787
07/06/2019,77.3532
10/06/2019,77.6899
11/06/2019,77.9688
12/06/2019,77.5818
13/06/2019,77.7023
14/06/2019,77.1119
17/06/2019,76.1277
18/06/2019,76.2528
19/06/2019,76.2519
20/06/2019,77.2308
21/06/2019,76.5298
24/06/2019,76.3696
25/06/2019,76.9993
26/06/2019,77.3316
27/06/2019,77.2911
28/06/2019,76.9472
01/07/2019,77.4458
02/07/2019,77.7361
03/07/2019,77.7779
04/07/2019,77.9917
05/07/2019,77.1078
08/07/2019,75.4671
09/07/2019,75.4483
10/07/2019,75.0785
11/07/2019,75.6397
12/07/2019,75.4429
15/07/2019,75.6825
16/07/2019,76.1803
17/07/2019,76.3423
18/07/2019,75.7635
19/07/2019,74.6517
22/07/2019,74.1838
23/07/2019,74.0838
24/07/2019,73.7322
25/07/2019,73.6206
26/07/2019,73.8301
29/07/2019,73.2117
30/07/2019,72.5332
31/07/2019,72.748
01/08/2019,71.8659
02/08/2019,72.0145
05/08/2019,71.133
06/08/2019,71.6922
07/08/2019,71.0859
08/08/2019,72.2559
09/08/2019,72.7602
13/08/2019,71.5741
14/08/2019,72.2728
16/08/2019,72.3925
19/08/2019,72.4453
20/08/2019,72.208
21/08/2019,71.5788
22/08/2019,70.4319
23/08/2019,71.0074
26/08/2019,72.5019
27/08/2019,72.8126
28/08/2019,72.4243
29/08/2019,71.7834
30/08/2019,72.2735
03/09/2019,70.7965
04/09/2019,71.1021
05/09/2019,71.1226
06/09/2019,71.7674
09/09/2019,72.1385
11/09/2019,72.3522
12/09/2019,72.0054
13/09/2019,72.6147
16/09/2019,72.1393
17/09/2019,70.9187
18/09/2019,71.0695
19/09/2019,70.1791
20/09/2019,73.9068
23/09/2019,76.0434
24/09/2019,75.9645
25/09/2019,74.9941
26/09/2019,75.852
27/09/2019,75.4657
30/09/2019,75.2162
01/10/2019,74.4658
03/10/2019,74.1639
04/10/2019,73.2506
07/10/2019,72.9323
09/10/2019,74.1565
10/10/2019,73.6398
11/10/2019,74.1015
14/10/2019,74.337
15/10/2019,74.9075
16/10/2019,75.141
17/10/2019,76.0175
18/10/2019,76.5116
22/10/2019,76.029
23/10/2019,76.1909
24/10/2019,76.0494
25/10/2019,76.0575
29/10/2019,77.3878
30/10/2019,77.7651
31/10/2019,77.9859
01/11/2019,78.0718
04/11/2019,78.4038
05/11/2019,78.2457
06/11/2019,78.5656
07/11/2019,78.8678
08/11/2019,78.1846
11/11/2019,78.2182
13/11/2019,77.739
14/11/2019,77.9465
15/11/2019,78.0994
18/11/2019,78.0263
19/11/2019,78.391
20/11/2019,78.7783
21/11/2019,78.5762
22/11/2019,78.2218
25/11/2019,79.2673
26/11/2019,79.0308
27/11/2019,79.4442
28/11/2019,79.7751
29/11/2019,79.1512
02/12/2019,79.0994
03/12/2019,78.7443
04/12/2019,79.0658
05/12/2019,78.9025
06/12/2019,78.2661
09/12/2019,78.3698
10/12/2019,77.8429
11/12/2019,78.1927
12/12/2019,78.597
13/12/2019,79.3468
16/12/2019,79.131
17/12/2019,79.8593
18/12/2019,80.2313
19/12/2019,80.4838
20/12/2019,80.5632
23/12/2019,80.5015
24/12/2019,80.1853
26/12/2019,79.6067
27/12/2019,80.3891
30/12/2019,80.4544
31/12/2019,79.8803
01/01/2020,79.9725
02/01/2020,80.6264
03/01/2020,80.2612
06/01/2020,78.7271
07/01/2020,79.1199
08/01/2020,78.9377
09/01/2020,80.1878
10/01/2020,80.4561
13/01/2020,80.9334
14/01/2020,81.1476
15/01/2020,81.0223
16/01/2020,81.1022
17/01/2020,81.0808
20/01/2020,80.2416
21/01/2020,79.8825
22/01/2020,79.4694
23/01/2020,79.9595
24/01/2020,80.4105
27/01/2020,79.5617
28/01/2020,79.1466
29/01/2020,79.6242
30/01/2020,79.0092
31/01/2020,78.525
03/02/2020,76.8562
04/02/2020,78.6392
05/02/2020,79.3571
06/02/2020,79.6769
07/02/2020,79.4141
10/02/2020,78.9741
11/02/2020,79.4755
12/02/2020,80.088
13/02/2020,79.9135
14/02/2020,79.5115
17/02/2020,79.0859
18/02/2020,78.7358
19/02/2020,79.6109
20/02/2020,79.3151
24/02/2020,77.6647
25/02/2020,77.4573
26/02/2020,76.6714
27/02/2020,76.3742
28/02/2020,73.534
02/03/2020,73.0953
03/03/2020,74.2551
04/03/2020,73.9117
05/03/2020,74.0401
06/03/2020,72.2063
09/03/2020,68.6795
11/03/2020,68.7243
12/03/2020,63.0226
13/03/2020,65.4144
16/03/2020,60.3649
17/03/2020,58.7968
18/03/2020,55.5133
19/03/2020,54.2023
20/03/2020,57.3614
23/03/2020,49.9657
24/03/2020,51.23
25/03/2020,54.5983
26/03/2020,56.7177
27/03/2020,56.8361
30/03/2020,54.3484
31/03/2020,56.4233
01/04/2020,54.1659
03/04/2020,53.0495
07/04/2020,57.6876
08/04/2020,57.4027
09/04/2020,59.7855
13/04/2020,59.0097
15/04/2020,58.56
16/04/2020,59.0022
17/04/2020,60.7994
20/04/2020,60.7668
21/04/2020,58.9274
22/04/2020,60.2778
23/04/2020,61.1094
24/04/2020,60.0627
27/04/2020,60.9018
28/04/2020,61.5485
29/04/2020,62.6865
30/04/2020,64.699
04/05/2020,60.9699
05/05/2020,60.3978
06/05/2020,60.8259
07/05/2020,60.3545
08/05/2020,60.6982
11/05/2020,60.6168
12/05/2020,60.3373
13/05/2020,61.5637
14/05/2020,59.9835
15/05/2020,59.9442
18/05/2020,57.8857
19/05/2020,58.2511
20/05/2020,59.481
21/05/2020,59.7412
22/05/2020,59.3009
26/05/2020,59.2329
27/05/2020,61.1079
28/05/2020,62.2571
29/05/2020,62.9038
01/06/2020,64.5172
02/06/2020,65.5215
03/06/2020,66.0727
04/06/2020,65.8595
05/06/2020,66.6006
08/06/2020,66.7659
09/06/2020,65.9725
10/06/2020,66.4284
11/06/2020,65.0258
12/06/2020,65.4904
15/06/2020,64.4453
16/06/2020,65.1026
17/06/2020,64.8867
18/06/2020,66.2681
19/06/2020,67.2861
22/06/2020,67.7239
23/06/2020,68.7721
24/06/2020,67.6853
25/06/2020,67.5759
26/06/2020,68.1935
29/06/2020,67.7293
30/06/2020,67.6611
01/07/2020,68.5005
02/07/2020,69.3307
03/07/2020,69.6956
06/07/2020,70.7247
07/07/2020,70.9605
08/07/2020,70.3443
09/07/2020,71.1088
10/07/2020,70.8092
13/07/2020,71.0401
14/07/2020,69.7608
15/07/2020,69.8316
16/07/2020,70.6405
17/07/2020,71.7006
20/07/2020,72.4899
21/07/2020,73.4086
22/07/2020,73.2137
23/07/2020,73.7665
24/07/2020,73.6264
27/07/2020,73.2167
28/07/2020,74.3231
29/07/2020,73.6843
30/07/2020,73.0395
31/07/2020,72.851
03/08/2020,71.6589
04/08/2020,72.9945
05/08/2020,73.0544
06/08/2020,73.7198
07/08/2020,73.8106
10/08/2020,74.1781
11/08/2020,74.5216
12/08/2020,74.4285
13/08/2020,74.4088
14/08/2020,73.6075
17/08/2020,74.0578
18/08/2020,74.9658
19/08/2020,75.1235
20/08/2020,74.4912
21/08/2020,74.8807
24/08/2020,75.5033
25/08/2020,75.541
26/08/2020,76.0665
27/08/2020,76.1297
28/08/2020,76.709
31/08/2020,75.0001
01/09/2020,75.5428
02/09/2020,75.9837
03/09/2020,75.9362
04/09/2020,74.6632
07/09/2020,74.8
08/09/2020,74.5514
09/09/2020,74.2919
10/09/2020,75.4196
11/09/2020,75.5174
14/09/2020,75.3594
15/09/2020,75.8979
16/09/2020,76.4418
17/09/2020,75.8592
18/09/2020,75.7854
21/09/2020,74.1095
22/09/2020,73.4714
23/09/2020,73.3272
24/09/2020,71.1751
25/09/2020,72.7847
28/09/2020,73.9508
29/09/2020,73.9165
30/09/2020,74.0812
01/10/2020,75.196
05/10/2020,75.7634
06/10/2020,76.81
07/10/2020,77.3132
08/10/2020,77.9434
09/10/2020,78.4673
12/10/2020,78.5776
13/10/2020,78.6007
14/10/2020,78.8604
15/10/2020,76.9449
16/10/2020,77.4854
19/10/2020,78.2128
20/10/2020,78.3689
21/10/2020,78.6371
22/10/2020,78.3715
23/10/2020,78.6617
26/10/2020,77.59
27/10/2020,78.3907
28/10/2020,77.3593
29/10/2020,76.9931
30/10/2020,76.8057
02/11/2020,76.981
03/11/2020,77.9312
04/11/2020,78.5901
05/11/2020,79.9846
06/11/2020,80.9277
09/11/2020,82.2295
10/11/2020,83.3496
11/11/2020,84.1271
12/11/2020,83.7424
13/11/2020,83.934
17/11/2020,84.9532
18/11/2020,85.3752
19/11/2020,84.2762
20/11/2020,84.8501
23/11/2020,85.2945
24/11/2020,86.1438
25/11/2020,84.8448
26/11/2020,85.6932
27/11/2020,85.5737
01/12/2020,86.4973
02/12/2020,86.5276
03/12/2020,86.6594
04/12/2020,87.4813
07/12/2020,88.1223
08/12/2020,88.3633
09/12/2020,89.2621
10/12/2020,88.9274
11/12/2020,89.1614
14/12/2020,89.453
15/12/2020,89.5169
16/12/2020,90.2734
02/03/2015,56.0614
03/03/2015,56.3536
04/03/2015,55.8955
05/03/2015,55.99
09/03/2015,54.8667
10/03/2015,54.5875
11/03/2015,54.5127
12/03/2015,54.9831
13/03/2015,54.191
16/03/2015,54.0994
17/03/2015,54.6564
18/03/2015,54.4227
19/03/2015,54.1045
20/03/2015,53.7542
23/03/2015,53.6288
24/03/2015,53.5912
25/03/2015,53.5212
26/03/2015,52.3425
27/03/2015,52.3421
30/03/2015,53.2839
31/03/2015,53.2723
01/04/2015,53.872
06/04/2015,54.3221
07/04/2015,54.3213
08/04/2015,54.6572
09/04/2015,55.0502
10/04/2015,55.0629
13/04/2015,55.3964
15/04/2015,54.8689
16/04/2015,54.5931
17/04/2015,53.9622
20/04/2015,52.9734
21/04/2015,52.5316
22/04/2015,52.8549
23/04/2015,52.6565
24/04/2015,52.0761
27/04/2015,51.5089
28/04/2015,51.9592
29/04/2015,51.6684
30/04/2015,51.3014
04/05/2015,52.2354
05/05/2015,52.1752
06/05/2015,50.7667
07/05/2015,50.5223
08/05/2015,51.3862
11/05/2015,52.1779
12/05/2015,50.9546
13/05/2015,51.6344
14/05/2015,51.5684
15/05/2015,51.8027
18/05/2015,52.4962
19/05/2015,52.4397
20/05/2015,52.7967
21/05/2015,52.7744
22/05/2015,53.0026
25/05/2015,52.4388
26/05/2015,52.2433
27/05/2015,52.2052
28/05/2015,52.1262
29/05/2015,52.8327
01/06/2015,52.8331
02/06/2015,51.6095
03/06/2015,51.0424
04/06/2015,51.0645
05/06/2015,50.9865
08/06/2015,50.5487
09/06/2015,50.4127
10/06/2015,51.0413
11/06/2015,50.0597
12/06/2015,50.166
15/06/2015,50.4073
16/06/2015,50.6171
17/06/2015,50.888
18/06/2015,51.4039
19/06/2015,51.727
22/06/2015,52.5261
23/06/2015,52.7011
24/06/2015,52.5739
25/06/2015,52.8047
26/06/2015,52.6982
29/06/2015,52.3057
30/06/2015,52.6166
01/07/2015,53.1435
02/07/2015,53.1196
03/07/2015,53.3694
06/07/2015,53.6063
07/07/2015,53.5327
08/07/2015,52.6066
09/07/2015,52.4177
10/07/2015,52.6206
13/07/2015,53.2379
14/07/2015,53.206
15/07/2015,53.6771
16/07/2015,54.2089
17/07/2015,54.2195
20/07/2015,54.1946
21/07/2015,53.7291
22/07/2015,54.364
23/07/2015,54.1018
24/07/2015,53.6747
27/07/2015,52.6687
28/07/2015,52.5169
29/07/2015,52.7546
30/07/2015,53.0449
31/07/2015,53.7414
03/08/2015,53.8018
04/08/2015,53.6371
05/08/2015,53.9561
06/08/2015,54.0856
07/08/2015,53.9421
10/08/2015,53.6974
11/08/2015,53.3021
12/08/2015,52.5968
13/08/2015,52.6416
14/08/2015,53.6582
17/08/2015,53.3997
18/08/2015,53.3322
19/08/2015,53.5085
20/08/2015,52.7427
21/08/2015,52.2859
24/08/2015,49.2127
25/08/2015,49.6591
26/08/2015,49.1139
27/08/2015,50.0852
28/08/2015,50.418
31/08/2015,50.2289
01/09/2015,49.1099
02/09/2015,48.6844
03/09/2015,49.3431
04/09/2015,48.2997
07/09/2015,47.7253
08/09/2015,48.5272
09/09/2015,49.3334
10/09/2015,49.1454
11/09/2015,49.1528
14/09/2015,49.67
15/09/2015,49.4005
16/09/2015,49.8368
18/09/2015,50.3559
21/09/2015,50.3263
22/09/2015,49.2904
23/09/2015,49.5027
24/09/2015,49.6402
28/09/2015,49.1821
29/09/2015,49.4798
30/09/2015,50.1408
01/10/2015,50.152
05/10/2015,51.2088
06/10/2015,51.4194
07/10/2015,51.5728
08/10/2015,51.27
09/10/2015,51.649
12/10/2015,51.3576
13/10/2015,51.2823
14/10/2015,51.1324
15/10/2015,51.5812
16/10/2015,51.9842
19/10/2015,52.2224
20/10/2015,52.1378
21/10/2015,52.0803
23/10/2015,52.3643
26/10/2015,52.1432
27/10/2015,51.9685
28/10/2015,51.5809
29/10/2015,51.2067
30/10/2015,50.9238
02/11/2015,50.828
03/11/2015,50.8897
04/11/2015,50.7602
05/11/2015,50.2257
06/11/2015,50.2182
09/11/2015,49.9775
10/11/2015,49.1638
13/11/2015,49.0304
16/11/2015,49.3089
17/11/2015,49.5029
18/11/2015,48.8349
19/11/2015,49.5346
20/11/2015,49.6207
23/11/2015,49.5732
24/11/2015,49.4612
26/11/2015,49.7882
27/11/2015,50.1592
30/11/2015,50.1107
01/12/2015,50.2338
02/12/2015,50.0854
03/12/2015,49.6626
04/12/2015,49.1448
07/12/2015,49.0404
08/12/2015,48.6389
09/12/2015,48.076
10/12/2015,48.5208
11/12/2015,48.0634
14/12/2015,48.3113
15/12/2015,48.6303
16/12/2015,48.9436
17/12/2015,49.5285
18/12/2015,49.0126
21/12/2015,49.4658
22/12/2015,49.1634
23/12/2015,49.6624
24/12/2015,49.6315
28/12/2015,50.0315
29/12/2015,50.0552
30/12/2015,49.8494
31/12/2015,50.1643
01/01/2016,50.27
04/01/2016,49.1892
05/01/2016,49.1471
06/01/2016,48.8721
07/01/2016,47.785
08/01/2016,47.9919
11/01/2016,47.7567
12/01/2016,47.4208
13/01/2016,47.7475
14/01/2016,47.5854
15/01/2016,46.9591
18/01/2016,46.4213
19/01/2016,46.9466
20/01/2016,46.1609
21/01/2016,45.9631
22/01/2016,46.8766
25/01/2016,46.9672
27/01/2016,46.9827
28/01/2016,46.9003
29/01/2016,47.7727
01/02/2016,47.7242
02/02/2016,47.1009
03/02/2016,46.5161
04/02/2016,46.7818
05/02/2016,47.3218
08/02/2016,46.6827
09/02/2016,46.1243
10/02/2016,45.6051
11/02/2016,44.1019
12/02/2016,44.1305
15/02/2016,45.2708
16/02/2016,44.5539
17/02/2016,44.9323
18/02/2016,45.4544
19/02/2016,45.5735
22/02/2016,45.7238
23/02/2016,44.939
24/02/2016,44.3627
25/02/2016,44.0613
26/02/2016,44.4306
29/02/2016,44.1645
01/03/2016,45.6291
02/03/2016,46.5405
03/03/2016,47.2041
04/03/2016,47.2622
08/03/2016,47.2599
09/03/2016,47.5527
10/03/2016,47.2655
11/03/2016,47.4163
14/03/2016,47.6543
15/03/2016,47.1638
16/03/2016,47.4179
17/03/2016,47.5344
18/03/2016,48.1121
21/03/2016,48.7486
22/03/2016,48.8164
23/03/2016,48.8259
28/03/2016,48.1874
29/03/2016,48.0758
30/03/2016,48.943
31/03/2016,48.9369
01/04/2016,48.7792
04/04/2016,49.0647
05/04/2016,48.0985
06/04/2016,48.1664
07/04/2016,47.74
08/04/2016,47.7948
11/04/2016,48.5236
12/04/2016,48.7599
13/04/2016,49.6548
18/04/2016,50.0593
20/04/2016,50.0591
21/04/2016,50.0419
22/04/2016,49.9611
25/04/2016,49.6807
26/04/2016,50.36
27/04/2016,50.4686
28/04/2016,49.6306
29/04/2016,49.6467
02/05/2016,49.3687
03/05/2016,48.9969
04/05/2016,48.7417
05/05/2016,48.9293
06/05/2016,48.9141
09/05/2016,49.7489
10/05/2016,49.8831
11/05/2016,49.6374
12/05/2016,49.9624
13/05/2016,49.4227
16/05/2016,49.7109
17/05/2016,49.8997
18/05/2016,49.7695
19/05/2016,49.2246
20/05/2016,49.0128
23/05/2016,48.8949
24/05/2016,49.007
25/05/2016,50.1699
26/05/2016,51.012
27/05/2016,51.5563
30/05/2016,51.7801
31/05/2016,51.6638
01/06/2016,51.7887
02/06/2016,52.0326
03/06/2016,52.0608
06/06/2016,51.9661
07/06/2016,52.3772
08/06/2016,52.4183
09/06/2016,52.0329
10/06/2016,51.8196
13/06/2016,51.4433
14/06/2016,51.4321
15/06/2016,52.0451
16/06/2016,51.6845
17/06/2016,51.8705
20/06/2016,52.2993
21/06/2016,52.1826
22/06/2016,52.0928
23/06/2016,52.5153
24/06/2016,51.3641
27/06/2016,51.403
28/06/2016,51.6133
29/06/2016,52.1206
30/06/2016,52.6456
01/07/2016,52.8972
04/07/2016,53.1698
05/07/2016,52.9484
07/07/2016,52.9748
08/07/2016,52.8821
11/07/2016,53.7963
12/07/2016,54.1319
13/07/2016,54.1219
14/07/2016,54.4117
15/07/2016,54.3007
18/07/2016,54.098
19/07/2016,54.2224
20/07/2016,54.4601
21/07/2016,54.1196
22/07/2016,54.3139
25/07/2016,54.9181
26/07/2016,54.6361
27/07/2016,54.7936
28/07/2016,55.134
29/07/2016,54.9614
01/08/2016,54.9448
02/08/2016,54.8622
03/08/2016,54.3697
04/08/2016,54.4103
05/08/2016,55.2412
08/08/2016,55.4209
09/08/2016,55.215
10/08/2016,54.5722
11/08/2016,54.68
12/08/2016,55.1874
16/08/2016,54.9998
17/08/2016,54.887
18/08/2016,55.2183
19/08/2016,55.1805
22/08/2016,54.9396
23/08/2016,54.9608
24/08/2016,55.072
25/08/2016,54.7048
26/08/2016,54.5812
29/08/2016,54.7995
30/08/2016,55.6531
31/08/2016,55.938
01/09/2016,55.8647
02/09/2016,56.0864
06/09/2016,56.9308
07/09/2016,56.7789
08/09/2016,57.0042
09/09/2016,56.4685
12/09/2016,55.5087
14/09/2016,55.5784
15/09/2016,55.6847
16/09/2016,55.9208
19/09/2016,56.0998
20/09/2016,55.8943
21/09/2016,55.9034
22/09/2016,56.4723
23/09/2016,56.248
26/09/2016,55.5588
27/09/2016,55.4559
28/09/2016,55.6975
29/09/2016,54.7294
30/09/2016,54.854
03/10/2016,55.6452
04/10/2016,55.8395
05/10/2016,55.6819
06/10/2016,55.4655
07/10/2016,55.387
10/10/2016,55.4574
13/10/2016,54.5927
14/10/2016,54.6583
17/10/2016,54.2649
18/10/2016,55.2491
19/10/2016,55.1344
20/10/2016,55.3889
21/10/2016,55.389
24/10/2016,55.493
25/10/2016,55.3808
26/10/2016,54.8998
27/10/2016,54.905
28/10/2016,55.0488
01/11/2016,54.9828
02/11/2016,54.2724
03/11/2016,54.0998
04/11/2016,53.7785
07/11/2016,54.1788
08/11/2016,54.4714
09/11/2016,53.7632
10/11/2016,54.3541
11/11/2016,52.9111
15/11/2016,51.7154
16/11/2016,51.7334
17/11/2016,51.5359
18/11/2016,51.4943
21/11/2016,50.5746
22/11/2016,51.0383
23/11/2016,51.237
24/11/2016,50.8046
25/11/2016,51.7444
28/11/2016,51.8272
29/11/2016,51.9217
30/11/2016,52.4401
01/12/2016,52.2418
02/12/2016,51.5685
05/12/2016,51.8315
06/12/2016,51.924
07/12/2016,51.6641
08/12/2016,52.5768
09/12/2016,52.6716
12/12/2016,52.0964
13/12/2016,52.419
14/12/2016,52.1704
15/12/2016,51.9877
16/12/2016,51.8963
19/12/2016,51.6735
20/12/2016,51.5353
21/12/2016,51.4028
22/12/2016,50.8801
23/12/2016,50.9186
26/12/2016,50.4365
27/12/2016,51.2115
28/12/2016,51.2238
29/12/2016,51.6562
30/12/2016,52.1732
02/01/2017,52.137
03/01/2017,52.2118
04/01/2017,52.2036
05/01/2017,52.7296
06/01/2017,52.5411
09/01/2017,52.4887
10/01/2017,52.8198
11/01/2017,53.4078
12/01/2017,53.577
13/01/2017,53.5325
16/01/2017,53.6109
17/01/2017,53.5141
18/01/2017,53.636
19/01/2017,53.7505
20/01/2017,53.2069
23/01/2017,53.4777
24/01/2017,54.011
25/01/2017,54.816
27/01/2017,55.0596
30/01/2017,55.0001
31/01/2017,54.5486
01/02/2017,55.5247
02/02/2017,55.6482
03/02/2017,55.6914
06/02/2017,56.0691
07/02/2017,55.8665
08/02/2017,55.8697
09/02/2017,55.9285
10/02/2017,56.0236
13/02/2017,56.0977
14/02/2017,56.016
15/02/2017,55.6014
16/02/2017,55.9421
17/02/2017,56.2185
20/02/2017,56.5845
21/02/2017,56.7643
22/02/2017,56.8853
23/02/2017,56.9673
27/02/2017,56.6945
28/02/2017,56.6014
01/03/2017,57.0192
02/03/2017,56.7322
03/03/2017,56.7162
06/03/2017,57.1261
07/03/2017,57.0219
08/03/2017,56.8782
09/03/2017,56.9029
10/03/2017,56.952
14/03/2017,57.9485
15/03/2017,57.9315
16/03/2017,58.3814
17/03/2017,58.4213
20/03/2017,58.2107
21/03/2017,58.1743
22/03/2017,57.5974
23/03/2017,57.9543
24/03/2017,58.0977
27/03/2017,57.7048
28/03/2017,58.0498
29/03/2017,58.3172
30/03/2017,58.498
31/03/2017,58.4859
03/04/2017,58.8699
05/04/2017,59.0383
06/04/2017,59.0187
07/04/2017,58.6174
10/04/2017,58.5096
11/04/2017,58.8574
12/04/2017,58.6445
13/04/2017,58.3147
17/04/2017,58.2379
18/04/2017,58.0244
19/04/2017,58.0091
20/04/2017,58.2162
21/04/2017,58.1118
24/04/2017,58.7336
25/04/2017,59.2973
26/04/2017,59.5827
27/04/2017,59.5168
28/04/2017,59.2736
02/05/2017,59.3335
03/05/2017,59.3222
04/05/2017,59.6333
05/05/2017,59.1618
08/05/2017,59.3452
09/05/2017,59.3611
10/05/2017,59.9339
11/05/2017,60.0284
12/05/2017,59.8987
15/05/2017,60.179
16/05/2017,60.6014
17/05/2017,60.6878
18/05/2017,60.0794
19/05/2017,60.0668
22/05/2017,60.1361
23/05/2017,59.8028
24/05/2017,59.6468
25/05/2017,60.5835
26/05/2017,61.1382
29/05/2017,61.2057
30/05/2017,61.3295
31/05/2017,61.3075
01/06/2017,61.3258
02/06/2017,61.5649
05/06/2017,61.7677
06/06/2017,61.5301
07/06/2017,61.6969
08/06/2017,61.5934
09/06/2017,61.7239
12/06/2017,61.3967
13/06/2017,61.3592
14/06/2017,61.4293
15/06/2017,61.1844
16/06/2017,61.2462
19/06/2017,61.6816
20/06/2017,61.6802
21/06/2017,61.5572
22/06/2017,61.5527
23/06/2017,61.2059
27/06/2017,60.8061
28/06/2017,60.681
29/06/2017,60.8052
30/06/2017,60.9141
03/07/2017,61.5138
04/07/2017,61.5038
05/07/2017,61.6579
06/07/2017,61.9166
07/07/2017,61.8611
10/07/2017,62.5247
11/07/2017,62.6209
12/07/2017,62.8117
13/07/2017,63.3334
14/07/2017,63.3334
17/07/2017,63.5241
18/07/2017,62.9713
19/07/2017,63.4289
20/07/2017,63.2794
21/07/2017,63.5457
24/07/2017,63.8784
25/07/2017,63.8652
26/07/2017,64.2266
27/07/2017,64.2353
28/07/2017,64.1922
31/07/2017,64.5833
01/08/2017,64.8244
02/08/2017,64.6213
03/08/2017,64.199
04/08/2017,64.5273
07/08/2017,64.4669
08/08/2017,63.9745
09/08/2017,63.5324
10/08/2017,62.9873
11/08/2017,62.3308
14/08/2017,62.8631
16/08/2017,63.518
17/08/2017,63.5642
18/08/2017,63.1393
21/08/2017,62.6162
22/08/2017,62.6863
23/08/2017,63.2382
24/08/2017,63.282
28/08/2017,63.6359
29/08/2017,62.8944
30/08/2017,63.4583
31/08/2017,63.6696
01/09/2017,64.0329
04/09/2017,63.6413
05/09/2017,63.8936
06/09/2017,63.6667
07/09/2017,63.7633
08/09/2017,63.7958
11/09/2017,64.2608
12/09/2017,64.8132
13/09/2017,64.726
14/09/2017,64.7746
15/09/2017,64.7654
18/09/2017,65.2039
19/09/2017,65.1662
20/09/2017,65.1277
21/09/2017,65.0064
22/09/2017,64.0059
25/09/2017,63.4217
26/09/2017,63.4154
27/09/2017,62.5595
28/09/2017,62.76
29/09/2017,62.8859
03/10/2017,63.3334
04/10/2017,63.6821
05/10/2017,63.5195
06/10/2017,64.0858
09/10/2017,64.1446
10/10/2017,64.3237
11/10/2017,64.1174
12/10/2017,64.8251
13/10/2017,65.2822
16/10/2017,65.6873
17/10/2017,65.7129
18/10/2017,65.5615
23/10/2017,65.3903
24/10/2017,65.5377
25/10/2017,66.1007
26/10/2017,66.3933
27/10/2017,66.2741
30/10/2017,66.5319
31/10/2017,66.3935
01/11/2017,67.08
02/11/2017,66.9735
03/11/2017,67.169
06/11/2017,67.1624
07/11/2017,66.5135
08/11/2017,66.2065
09/11/2017,66.2432
10/11/2017,66.321
13/11/2017,65.7076
14/11/2017,65.4639
15/11/2017,65.0283
16/11/2017,65.6411
17/11/2017,66.0814
20/11/2017,66.1769
21/11/2017,66.3562
22/11/2017,66.4543
23/11/2017,66.4951
24/11/2017,66.7576
27/11/2017,66.8179
28/11/2017,66.6318
29/11/2017,66.574
30/11/2017,65.7165
01/12/2017,65.0404
04/12/2017,65.079
05/12/2017,65.0168
06/12/2017,64.5498
07/12/2017,65.3293
08/12/2017,65.9583
11/12/2017,66.3161
12/12/2017,65.7946
13/12/2017,65.492
14/12/2017,65.8671
15/12/2017,66.3859
18/12/2017,66.7438
19/12/2017,67.2148
20/12/2017,67.0947
21/12/2017,67.0862
22/12/2017,67.4202
26/12/2017,67.6653
27/12/2017,67.4074
28/12/2017,67.3232
29/12/2017,67.6567
01/01/2018,67.0513
02/01/2018,67.0912
03/01/2018,67.0991
04/01/2018,67.4885
05/01/2018,67.834
08/01/2018,68.2454
09/01/2018,68.3295
10/01/2018,68.2994
11/01/2018,68.4198
12/01/2018,68.6103
15/01/2018,68.9969
16/01/2018,68.7388
17/01/2018,69.2986
18/01/2018,69.4887
19/01/2018,69.986
22/01/2018,70.4511
23/01/2018,71.2001
24/01/2018,71.2115
25/01/2018,71.1076
29/01/2018,71.493
30/01/2018,70.9795
31/01/2018,70.8353
01/02/2018,70.7757
02/02/2018,69.1157
05/02/2018,68.5172
06/02/2018,67.4466
07/02/2018,67.3206
08/02/2018,68.0002
09/02/2018,67.2212
12/02/2018,67.768
14/02/2018,67.5179
15/02/2018,67.8079
16/02/2018,67.2068
19/02/2018,66.7337
20/02/2018,66.6176
21/02/2018,66.852
22/02/2018,66.7773
23/02/2018,67.4635
26/02/2018,68.0483
27/02/2018,67.8679
28/02/2018,67.4913
01/03/2018,67.2697
05/03/2018,66.6385
06/03/2018,65.9401
07/03/2018,65.3401
08/03/2018,65.9058
09/03/2018,65.8077
12/03/2018,67.0442
13/03/2018,67.0922
14/03/2018,66.9923
15/03/2018,66.6687
16/03/2018,65.6589
19/03/2018,65.0161
20/03/2018,65.2728
21/03/2018,65.4706
22/03/2018,65.2205
23/03/2018,64.4738
17/12/2020,90.6756
18/12/2020,90.806
21/12/2020,87.9547
22/12/2020,88.8636
23/12/2020,89.7529
24/12/2020,90.73
28/12/2020,91.5468
29/12/2020,91.9386
30/12/2020,92.2637
31/12/2020,92.2614
01/01/2021,92.5037
04/01/2021,93.257
05/01/2021,93.6963
06/01/2021,93.3445
07/01/2021,93.2856
08/01/2021,94.6701
11/01/2021,95.5777
12/01/2021,96.0968
13/01/2021,96.1058
14/01/2021,96.3179
15/01/2021,95.2489
18/01/2021,94.238
19/01/2021,95.8199
20/01/2021,96.6408
21/01/2021,96.2887
22/01/2021,94.8488
25/01/2021,93.9704
27/01/2021,92.1861
28/01/2021,91.1941
29/01/2021,89.9859
01/02/2021,94.2483
02/02/2021,96.6696
03/02/2021,97.6056
04/02/2021,98.2988
05/02/2021,98.4877
08/02/2021,99.7516
09/02/2021,99.7162
10/02/2021,99.697
11/02/2021,100.159
12/02/2021,100.093
15/02/2021,101.104
16/02/2021,101.095
17/02/2021,100.434
18/02/2021,99.8406
19/02/2021,98.9354
22/02/2021,96.9833
23/02/2021,97.1938
24/02/2021,99.0057
25/02/2021,99.7661
26/02/2021,96.0142
01/03/2021,97.548
02/03/2021,98.5873
03/03/2021,100.74
04/03/2021,99.6502
05/03/2021,98.7079
08/03/2021,98.8423
09/03/2021,99.7806
10/03/2021,100.284
12/03/2021,99.3325
15/03/2021,98.678