Sr.NO,NAV_Date,DAY_DELTA,NAV_Value,,,,,,,,,,,
1,2015-03-02,1,56.0614,,,,,,,,,,,
2,2015-03-03,2,56.3536,,,,,,,,,,,
3,2015-03-04,3,55.8955,,,,,,,,,,,
4,2015-03-05,4,55.99,,,,,,,,,,,
5,2015-03-09,8,54.8667,,,,,,,,,,,
6,2015-03-10,9,54.5875,,,,,,,,,,,
7,2015-03-11,10,54.5127,,,,,,,,,,,
8,2015-03-12,11,54.9831,,,,,,,,,,,
9,2015-03-13,12,54.191,,,,,,,,,,,
10,2015-03-16,15,54.0994,,,,,,,,,,,
11,2015-03-17,16,54.6564,,,,,,,,,,,
12,2015-03-18,17,54.4227,,,,,,,,,,,
13,2015-03-19,18,54.1045,,,,,,,,,,,
14,2015-03-20,19,53.7542,,,,,,,,,,,
15,2015-03-23,22,53.6288,,,,,,,,,,,
16,2015-03-24,23,53.5912,,,,,,,,,,,
17,2015-03-25,24,53.5212,,,,,,,,,,,
18,2015-03-26,25,52.3425,,,,,,,,,,,
19,2015-03-27,26,52.3421,,,,,,,,,,,
20,2015-03-30,29,53.2839,,,,,,,,,,,
21,2015-03-31,30,53.2723,,,,,,,,,,,
22,2015-04-01,31,53.872,,,,,,,,,,,
23,2015-04-06,36,54.3221,,,,,,,,,,,
24,2015-04-07,37,54.3213,,,,,,,,,,,
25,2015-04-08,38,54.6572,,,,,,,,,,,
26,2015-04-09,39,55.0502,,,,,,,,,,,
27,2015-04-10,40,55.0629,,,,,,,,,,,
28,2015-04-13,43,55.3964,,,,,,,,,,,
29,2015-04-15,45,54.8689,,,,,,,,,,,
30,2015-04-16,46,54.5931,,,,,,,,,,,
31,2015-04-17,47,53.9622,,,,,,,,,,,
32,2015-04-20,50,52.9734,,,,,,,,,,,
33,2015-04-21,51,52.5316,,,,,,,,,,,
34,2015-04-22,52,52.8549,,,,,,,,,,,
35,2015-04-23,53,52.6565,,,,,,,,,,,
36,2015-04-24,54,52.0761,,,,,,,,,,,
37,2015-04-27,57,51.5089,,,,,,,,,,,
38,2015-04-28,58,51.9592,,,,,,,,,,,
39,2015-04-29,59,51.6684,,,,,,,,,,,
40,2015-04-30,60,51.3014,,,,,,,,,,,
41,2015-05-04,64,52.2354,,,,,,,,,,,
42,2015-05-05,65,52.1752,,,,,,,,,,,
43,2015-05-06,66,50.7667,,,,,,,,,,,
44,2015-05-07,67,50.5223,,,,,,,,,,,
45,2015-05-08,68,51.3862,,,,,,,,,,,
46,2015-05-11,71,52.1779,,,,,,,,,,,
47,2015-05-12,72,50.9546,,,,,,,,,,,
48,2015-05-13,73,51.6344,,,,,,,,,,,
49,2015-05-14,74,51.5684,,,,,,,,,,,
50,2015-05-15,75,51.8027,,,,,,,,,,,
51,2015-05-18,78,52.4962,,,,,,,,,,,
52,2015-05-19,79,52.4397,,,,,,,,,,,
53,2015-05-20,80,52.7967,,,,,,,,,,,
54,2015-05-21,81,52.7744,,,,,,,,,,,
55,2015-05-22,82,53.0026,,,,,,,,,,,
56,2015-05-25,85,52.4388,,,,,,,,,,,
57,2015-05-26,86,52.2433,,,,,,,,,,,
58,2015-05-27,87,52.2052,,,,,,,,,,,
59,2015-05-28,88,52.1262,,,,,,,,,,,
60,2015-05-29,89,52.8327,,,,,,,,,,,
61,2015-06-01,92,52.8331,,,,,,,,,,,
62,2015-06-02,93,51.6095,,,,,,,,,,,
63,2015-06-03,94,51.0424,,,,,,,,,,,
64,2015-06-04,95,51.0645,,,,,,,,,,,
65,2015-06-05,96,50.9865,,,,,,,,,,,
66,2015-06-08,99,50.5487,,,,,,,,,,,
67,2015-06-09,100,50.4127,,,,,,,,,,,
68,2015-06-10,101,51.0413,,,,,,,,,,,
69,2015-06-11,102,50.0597,,,,,,,,,,,
70,2015-06-12,103,50.166,,,,,,,,,,,
71,2015-06-15,106,50.4073,,,,,,,,,,,
72,2015-06-16,107,50.6171,,,,,,,,,,,
73,2015-06-17,108,50.888,,,,,,,,,,,
74,2015-06-18,109,51.4039,,,,,,,,,,,
75,2015-06-19,110,51.727,,,,,,,,,,,
76,2015-06-22,113,52.5261,,,,,,,,,,,
77,2015-06-23,114,52.7011,,,,,,,,,,,
78,2015-06-24,115,52.5739,,,,,,,,,,,
79,2015-06-25,116,52.8047,,,,,,,,,,,
80,2015-06-26,117,52.6982,,,,,,,,,,,
81,2015-06-29,120,52.3057,,,,,,,,,,,
82,2015-06-30,121,52.6166,,,,,,,,,,,
83,2015-07-01,122,53.1435,,,,,,,,,,,
84,2015-07-02,123,53.1196,,,,,,,,,,,
85,2015-07-03,124,53.3694,,,,,,,,,,,
86,2015-07-06,127,53.6063,,,,,,,,,,,
87,2015-07-07,128,53.5327,,,,,,,,,,,
88,2015-07-08,129,52.6066,,,,,,,,,,,
89,2015-07-09,130,52.4177,,,,,,,,,,,
90,2015-07-10,131,52.6206,,,,,,,,,,,
91,2015-07-13,134,53.2379,,,,,,,,,,,
92,2015-07-14,135,53.206,,,,,,,,,,,
93,2015-07-15,136,53.6771,,,,,,,,,,,
94,2015-07-16,137,54.2089,,,,,,,,,,,
95,2015-07-17,138,54.2195,,,,,,,,,,,
96,2015-07-20,141,54.1946,,,,,,,,,,,
97,2015-07-21,142,53.7291,,,,,,,,,,,
98,2015-07-22,143,54.364,,,,,,,,,,,
99,2015-07-23,144,54.1018,,,,,,,,,,,
100,2015-07-24,145,53.6747,,,,,,,,,,,
101,2015-07-27,148,52.6687,,,,,,,,,,,
102,2015-07-28,149,52.5169,,,,,,,,,,,
103,2015-07-29,150,52.7546,,,,,,,,,,,
104,2015-07-30,151,53.0449,,,,,,,,,,,
105,2015-07-31,152,53.7414,,,,,,,,,,,
106,2015-08-03,155,53.8018,,,,,,,,,,,
107,2015-08-04,156,53.6371,,,,,,,,,,,
108,2015-08-05,157,53.9561,,,,,,,,,,,
109,2015-08-06,158,54.0856,,,,,,,,,,,
110,2015-08-07,159,53.9421,,,,,,,,,,,
111,2015-08-10,162,53.6974,,,,,,,,,,,
112,2015-08-11,163,53.3021,,,,,,,,,,,
113,2015-08-12,164,52.5968,,,,,,,,,,,
114,2015-08-13,165,52.6416,,,,,,,,,,,
115,2015-08-14,166,53.6582,,,,,,,,,,,
116,2015-08-17,169,53.3997,,,,,,,,,,,
117,2015-08-18,170,53.3322,,,,,,,,,,,
118,2015-08-19,171,53.5085,,,,,,,,,,,
119,2015-08-20,172,52.7427,,,,,,,,,,,
120,2015-08-21,173,52.2859,,,,,,,,,,,
121,2015-08-24,176,49.2127,,,,,,,,,,,
122,2015-08-25,177,49.6591,,,,,,,,,,,
123,2015-08-26,178,49.1139,,,,,,,,,,,
124,2015-08-27,179,50.0852,,,,,,,,,,,
125,2015-08-28,180,50.418,,,,,,,,,,,
126,2015-08-31,183,50.2289,,,,,,,,,,,
127,2015-09-01,184,49.1099,,,,,,,,,,,
128,2015-09-02,185,48.6844,,,,,,,,,,,
129,2015-09-03,186,49.3431,,,,,,,,,,,
130,2015-09-04,187,48.2997,,,,,,,,,,,
131,2015-09-07,190,47.7253,,,,,,,,,,,
132,2015-09-08,191,48.5272,,,,,,,,,,,
133,2015-09-09,192,49.3334,,,,,,,,,,,
134,2015-09-10,193,49.1454,,,,,,,,,,,
135,2015-09-11,194,49.1528,,,,,,,,,,,
136,2015-09-14,197,49.67,,,,,,,,,,,
137,2015-09-15,198,49.4005,,,,,,,,,,,
138,2015-09-16,199,49.8368,,,,,,,,,,,
139,2015-09-18,201,50.3559,,,,,,,,,,,
140,2015-09-21,204,50.3263,,,,,,,,,,,
141,2015-09-22,205,49.2904,,,,,,,,,,,
142,2015-09-23,206,49.5027,,,,,,,,,,,
143,2015-09-24,207,49.6402,,,,,,,,,,,
144,2015-09-28,211,49.1821,,,,,,,,,,,
145,2015-09-29,212,49.4798,,,,,,,,,,,
146,2015-09-30,213,50.1408,,,,,,,,,,,
147,2015-10-01,214,50.152,,,,,,,,,,,
148,2015-10-05,218,51.2088,,,,,,,,,,,
149,2015-10-06,219,51.4194,,,,,,,,,,,
150,2015-10-07,220,51.5728,,,,,,,,,,,
151,2015-10-08,221,51.27,,,,,,,,,,,
152,2015-10-09,222,51.649,,,,,,,,,,,
153,2015-10-12,225,51.3576,,,,,,,,,,,
154,2015-10-13,226,51.2823,,,,,,,,,,,
155,2015-10-14,227,51.1324,,,,,,,,,,,
156,2015-10-15,228,51.5812,,,,,,,,,,,
157,2015-10-16,229,51.9842,,,,,,,,,,,
158,2015-10-19,232,52.2224,,,,,,,,,,,
159,2015-10-20,233,52.1378,,,,,,,,,,,
160,2015-10-21,234,52.0803,,,,,,,,,,,
161,2015-10-23,236,52.3643,,,,,,,,,,,
162,2015-10-26,239,52.1432,,,,,,,,,,,
163,2015-10-27,240,51.9685,,,,,,,,,,,
164,2015-10-28,241,51.5809,,,,,,,,,,,
165,2015-10-29,242,51.2067,,,,,,,,,,,
166,2015-10-30,243,50.9238,,,,,,,,,,,
167,2015-11-02,246,50.828,,,,,,,,,,,
168,2015-11-03,247,50.8897,,,,,,,,,,,
169,2015-11-04,248,50.7602,,,,,,,,,,,
170,2015-11-05,249,50.2257,,,,,,,,,,,
171,2015-11-06,250,50.2182,,,,,,,,,,,
172,2015-11-09,253,49.9775,,,,,,,,,,,
173,2015-11-10,254,49.1638,,,,,,,,,,,
174,2015-11-13,257,49.0304,,,,,,,,,,,
175,2015-11-16,260,49.3089,,,,,,,,,,,
176,2015-11-17,261,49.5029,,,,,,,,,,,
177,2015-11-18,262,48.8349,,,,,,,,,,,
178,2015-11-19,263,49.5346,,,,,,,,,,,
179,2015-11-20,264,49.6207,,,,,,,,,,,
180,2015-11-23,267,49.5732,,,,,,,,,,,
181,2015-11-24,268,49.4612,,,,,,,,,,,
182,2015-11-26,270,49.7882,,,,,,,,,,,
183,2015-11-27,271,50.1592,,,,,,,,,,,
184,2015-11-30,274,50.1107,,,,,,,,,,,
185,2015-12-01,275,50.2338,,,,,,,,,,,
186,2015-12-02,276,50.0854,,,,,,,,,,,
187,2015-12-03,277,49.6626,,,,,,,,,,,
188,2015-12-04,278,49.1448,,,,,,,,,,,
189,2015-12-07,281,49.0404,,,,,,,,,,,
190,2015-12-08,282,48.6389,,,,,,,,,,,
191,2015-12-09,283,48.076,,,,,,,,,,,
192,2015-12-10,284,48.5208,,,,,,,,,,,
193,2015-12-11,285,48.0634,,,,,,,,,,,
194,2015-12-14,288,48.3113,,,,,,,,,,,
195,2015-12-15,289,48.6303,,,,,,,,,,,
196,2015-12-16,290,48.9436,,,,,,,,,,,
197,2015-12-17,291,49.5285,,,,,,,,,,,
198,2015-12-18,292,49.0126,,,,,,,,,,,
199,2015-12-21,295,49.4658,,,,,,,,,,,
200,2015-12-22,296,49.1634,,,,,,,,,,,
201,2015-12-23,297,49.6624,,,,,,,,,,,
202,2015-12-24,298,49.6315,,,,,,,,,,,
203,2015-12-28,302,50.0315,,,,,,,,,,,
204,2015-12-29,303,50.0552,,,,,,,,,,,
205,2015-12-30,304,49.8494,,,,,,,,,,,
206,2015-12-31,305,50.1643,,,,,,,,,,,
207,2016-01-01,306,50.27,,,,,,,,,,,
208,2016-01-04,309,49.1892,,,,,,,,,,,
209,2016-01-05,310,49.1471,,,,,,,,,,,
210,2016-01-06,311,48.8721,,,,,,,,,,,
211,2016-01-07,312,47.785,,,,,,,,,,,
212,2016-01-08,313,47.9919,,,,,,,,,,,
213,2016-01-11,316,47.7567,,,,,,,,,,,
214,2016-01-12,317,47.4208,,,,,,,,,,,
215,2016-01-13,318,47.7475,,,,,,,,,,,
216,2016-01-14,319,47.5854,,,,,,,,,,,
217,2016-01-15,320,46.9591,,,,,,,,,,,
218,2016-01-18,323,46.4213,,,,,,,,,,,
219,2016-01-19,324,46.9466,,,,,,,,,,,
220,2016-01-20,325,46.1609,,,,,,,,,,,
221,2016-01-21,326,45.9631,,,,,,,,,,,
222,2016-01-22,327,46.8766,,,,,,,,,,,
223,2016-01-25,330,46.9672,,,,,,,,,,,
224,2016-01-27,332,46.9827,,,,,,,,,,,
225,2016-01-28,333,46.9003,,,,,,,,,,,
226,2016-01-29,334,47.7727,,,,,,,,,,,
227,2016-02-01,337,47.7242,,,,,,,,,,,
228,2016-02-02,338,47.1009,,,,,,,,,,,
229,2016-02-03,339,46.5161,,,,,,,,,,,
230,2016-02-04,340,46.7818,,,,,,,,,,,
231,2016-02-05,341,47.3218,,,,,,,,,,,
232,2016-02-08,344,46.6827,,,,,,,,,,,
233,2016-02-09,345,46.1243,,,,,,,,,,,
234,2016-02-10,346,45.6051,,,,,,,,,,,
235,2016-02-11,347,44.1019,,,,,,,,,,,
236,2016-02-12,348,44.1305,,,,,,,,,,,
237,2016-02-15,351,45.2708,,,,,,,,,,,
238,2016-02-16,352,44.5539,,,,,,,,,,,
239,2016-02-17,353,44.9323,,,,,,,,,,,
240,2016-02-18,354,45.4544,,,,,,,,,,,
241,2016-02-19,355,45.5735,,,,,,,,,,,
242,2016-02-22,358,45.7238,,,,,,,,,,,
243,2016-02-23,359,44.939,,,,,,,,,,,
244,2016-02-24,360,44.3627,,,,,,,,,,,
245,2016-02-25,361,44.0613,,,,,,,,,,,
246,2016-02-26,362,44.4306,,,,,,,,,,,
247,2016-02-29,365,44.1645,,,,,,,,,,,
248,2016-03-01,366,45.6291,,,,,,,,,,,
249,2016-03-02,367,46.5405,,,,,,,,,,,
250,2016-03-03,368,47.2041,,,,,,,,,,,
251,2016-03-04,369,47.2622,,,,,,,,,,,
252,2016-03-08,373,47.2599,,,,,,,,,,,
253,2016-03-09,374,47.5527,,,,,,,,,,,
254,2016-03-10,375,47.2655,,,,,,,,,,,
255,2016-03-11,376,47.4163,,,,,,,,,,,
256,2016-03-14,379,47.6543,,,,,,,,,,,
257,2016-03-15,380,47.1638,,,,,,,,,,,
258,2016-03-16,381,47.4179,,,,,,,,,,,
259,2016-03-17,382,47.5344,,,,,,,,,,,
260,2016-03-18,383,48.1121,,,,,,,,,,,
261,2016-03-21,386,48.7486,,,,,,,,,,,
262,2016-03-22,387,48.8164,,,,,,,,,,,
263,2016-03-23,388,48.8259,,,,,,,,,,,
264,2016-03-28,393,48.1874,,,,,,,,,,,
265,2016-03-29,394,48.0758,,,,,,,,,,,
266,2016-03-30,395,48.943,,,,,,,,,,,
267,2016-03-31,396,48.9369,,,,,,,,,,,
268,2016-04-01,397,48.7792,,,,,,,,,,,
269,2016-04-04,400,49.0647,,,,,,,,,,,
270,2016-04-05,401,48.0985,,,,,,,,,,,
271,2016-04-06,402,48.1664,,,,,,,,,,,
272,2016-04-07,403,47.74,,,,,,,,,,,
273,2016-04-08,404,47.7948,,,,,,,,,,,
274,2016-04-11,407,48.5236,,,,,,,,,,,
275,2016-04-12,408,48.7599,,,,,,,,,,,
276,2016-04-13,409,49.6548,,,,,,,,,,,
277,2016-04-18,414,50.0593,,,,,,,,,,,
278,2016-04-20,416,50.0591,,,,,,,,,,,
279,2016-04-21,417,50.0419,,,,,,,,,,,
280,2016-04-22,418,49.9611,,,,,,,,,,,
281,2016-04-25,421,49.6807,,,,,,,,,,,
282,2016-04-26,422,50.36,,,,,,,,,,,
283,2016-04-27,423,50.4686,,,,,,,,,,,
284,2016-04-28,424,49.6306,,,,,,,,,,,
285,2016-04-29,425,49.6467,,,,,,,,,,,
286,2016-05-02,428,49.3687,,,,,,,,,,,
287,2016-05-03,429,48.9969,,,,,,,,,,,
288,2016-05-04,430,48.7417,,,,,,,,,,,
289,2016-05-05,431,48.9293,,,,,,,,,,,
290,2016-05-06,432,48.9141,,,,,,,,,,,
291,2016-05-09,435,49.7489,,,,,,,,,,,
292,2016-05-10,436,49.8831,,,,,,,,,,,
293,2016-05-11,437,49.6374,,,,,,,,,,,
294,2016-05-12,438,49.9624,,,,,,,,,,,
295,2016-05-13,439,49.4227,,,,,,,,,,,
296,2016-05-16,442,49.7109,,,,,,,,,,,
297,2016-05-17,443,49.8997,,,,,,,,,,,
298,2016-05-18,444,49.7695,,,,,,,,,,,
299,2016-05-19,445,49.2246,,,,,,,,,,,
300,2016-05-20,446,49.0128,,,,,,,,,,,
301,2016-05-23,449,48.8949,,,,,,,,,,,
302,2016-05-24,450,49.007,,,,,,,,,,,
303,2016-05-25,451,50.1699,,,,,,,,,,,
304,2016-05-26,452,51.012,,,,,,,,,,,
305,2016-05-27,453,51.5563,,,,,,,,,,,
306,2016-05-30,456,51.7801,,,,,,,,,,,
307,2016-05-31,457,51.6638,,,,,,,,,,,
308,2016-06-01,458,51.7887,,,,,,,,,,,
309,2016-06-02,459,52.0326,,,,,,,,,,,
310,2016-06-03,460,52.0608,,,,,,,,,,,
311,2016-06-06,463,51.9661,,,,,,,,,,,
312,2016-06-07,464,52.3772,,,,,,,,,,,
313,2016-06-08,465,52.4183,,,,,,,,,,,
314,2016-06-09,466,52.0329,,,,,,,,,,,
315,2016-06-10,467,51.8196,,,,,,,,,,,
316,2016-06-13,470,51.4433,,,,,,,,,,,
317,2016-06-14,471,51.4321,,,,,,,,,,,
318,2016-06-15,472,52.0451,,,,,,,,,,,
319,2016-06-16,473,51.6845,,,,,,,,,,,
320,2016-06-17,474,51.8705,,,,,,,,,,,
321,2016-06-20,477,52.2993,,,,,,,,,,,
322,2016-06-21,478,52.1826,,,,,,,,,,,
323,2016-06-22,479,52.0928,,,,,,,,,,,
324,2016-06-23,480,52.5153,,,,,,,,,,,
325,2016-06-24,481,51.3641,,,,,,,,,,,
326,2016-06-27,484,51.403,,,,,,,,,,,
327,2016-06-28,485,51.6133,,,,,,,,,,,
328,2016-06-29,486,52.1206,,,,,,,,,,,
329,2016-06-30,487,52.6456,,,,,,,,,,,
330,2016-07-01,488,52.8972,,,,,,,,,,,
331,2016-07-04,491,53.1698,,,,,,,,,,,
332,2016-07-05,492,52.9484,,,,,,,,,,,
333,2016-07-07,494,52.9748,,,,,,,,,,,
334,2016-07-08,495,52.8821,,,,,,,,,,,
335,2016-07-11,498,53.7963,,,,,,,,,,,
336,2016-07-12,499,54.1319,,,,,,,,,,,
337,2016-07-13,500,54.1219,,,,,,,,,,,
338,2016-07-14,501,54.4117,,,,,,,,,,,
339,2016-07-15,502,54.3007,,,,,,,,,,,
340,2016-07-18,505,54.098,,,,,,,,,,,
341,2016-07-19,506,54.2224,,,,,,,,,,,
342,2016-07-20,507,54.4601,,,,,,,,,,,
343,2016-07-21,508,54.1196,,,,,,,,,,,
344,2016-07-22,509,54.3139,,,,,,,,,,,
345,2016-07-25,512,54.9181,,,,,,,,,,,
346,2016-07-26,513,54.6361,,,,,,,,,,,
347,2016-07-27,514,54.7936,,,,,,,,,,,
348,2016-07-28,515,55.134,,,,,,,,,,,
349,2016-07-29,516,54.9614,,,,,,,,,,,
350,2016-08-01,519,54.9448,,,,,,,,,,,
351,2016-08-02,520,54.8622,,,,,,,,,,,
352,2016-08-03,521,54.3697,,,,,,,,,,,
353,2016-08-04,522,54.4103,,,,,,,,,,,
354,2016-08-05,523,55.2412,,,,,,,,,,,
355,2016-08-08,526,55.4209,,,,,,,,,,,
356,2016-08-09,527,55.215,,,,,,,,,,,
357,2016-08-10,528,54.5722,,,,,,,,,,,
358,2016-08-11,529,54.68,,,,,,,,,,,
359,2016-08-12,530,55.1874,,,,,,,,,,,
360,2016-08-16,534,54.9998,,,,,,,,,,,
361,2016-08-17,535,54.887,,,,,,,,,,,
362,2016-08-18,536,55.2183,,,,,,,,,,,
363,2016-08-19,537,55.1805,,,,,,,,,,,
364,2016-08-22,540,54.9396,,,,,,,,,,,
365,2016-08-23,541,54.9608,,,,,,,,,,,
366,2016-08-24,542,55.072,,,,,,,,,,,
367,2016-08-25,543,54.7048,,,,,,,,,,,
368,2016-08-26,544,54.5812,,,,,,,,,,,
369,2016-08-29,547,54.7995,,,,,,,,,,,
370,2016-08-30,548,55.6531,,,,,,,,,,,
371,2016-08-31,549,55.938,,,,,,,,,,,
372,2016-09-01,550,55.8647,,,,,,,,,,,
373,2016-09-02,551,56.0864,,,,,,,,,,,
374,2016-09-06,555,56.9308,,,,,,,,,,,
375,2016-09-07,556,56.7789,,,,,,,,,,,
376,2016-09-08,557,57.0042,,,,,,,,,,,
377,2016-09-09,558,56.4685,,,,,,,,,,,
378,2016-09-12,561,55.5087,,,,,,,,,,,
379,2016-09-14,563,55.5784,,,,,,,,,,,
380,2016-09-15,564,55.6847,,,,,,,,,,,
381,2016-09-16,565,55.9208,,,,,,,,,,,
382,2016-09-19,568,56.0998,,,,,,,,,,,
383,2016-09-20,569,55.8943,,,,,,,,,,,
384,2016-09-21,570,55.9034,,,,,,,,,,,
385,2016-09-22,571,56.4723,,,,,,,,,,,
386,2016-09-23,572,56.248,,,,,,,,,,,
387,2016-09-26,575,55.5588,,,,,,,,,,,
388,2016-09-27,576,55.4559,,,,,,,,,,,
389,2016-09-28,577,55.6975,,,,,,,,,,,
390,2016-09-29,578,54.7294,,,,,,,,,,,
391,2016-09-30,579,54.854,,,,,,,,,,,
392,2016-10-03,582,55.6452,,,,,,,,,,,
393,2016-10-04,583,55.8395,,,,,,,,,,,
394,2016-10-05,584,55.6819,,,,,,,,,,,
395,2016-10-06,585,55.4655,,,,,,,,,,,
396,2016-10-07,586,55.387,,,,,,,,,,,
397,2016-10-10,589,55.4574,,,,,,,,,,,
398,2016-10-13,592,54.5927,,,,,,,,,,,
399,2016-10-14,593,54.6583,,,,,,,,,,,
400,2016-10-17,596,54.2649,,,,,,,,,,,
401,2016-10-18,597,55.2491,,,,,,,,,,,
402,2016-10-19,598,55.1344,,,,,,,,,,,
403,2016-10-20,599,55.3889,,,,,,,,,,,
404,2016-10-21,600,55.389,,,,,,,,,,,
405,2016-10-24,603,55.493,,,,,,,,,,,
406,2016-10-25,604,55.3808,,,,,,,,,,,
407,2016-10-26,605,54.8998,,,,,,,,,,,
408,2016-10-27,606,54.905,,,,,,,,,,,
409,2016-10-28,607,55.0488,,,,,,,,,,,
410,2016-11-01,611,54.9828,,,,,,,,,,,
411,2016-11-02,612,54.2724,,,,,,,,,,,
412,2016-11-03,613,54.0998,,,,,,,,,,,
413,2016-11-04,614,53.7785,,,,,,,,,,,
414,2016-11-07,617,54.1788,,,,,,,,,,,
415,2016-11-08,618,54.4714,,,,,,,,,,,
416,2016-11-09,619,53.7632,,,,,,,,,,,
417,2016-11-10,620,54.3541,,,,,,,,,,,
418,2016-11-11,621,52.9111,,,,,,,,,,,
419,2016-11-15,625,51.7154,,,,,,,,,,,
420,2016-11-16,626,51.7334,,,,,,,,,,,
421,2016-11-17,627,51.5359,,,,,,,,,,,
422,2016-11-18,628,51.4943,,,,,,,,,,,
423,2016-11-21,631,50.5746,,,,,,,,,,,
424,2016-11-22,632,51.0383,,,,,,,,,,,
425,2016-11-23,633,51.237,,,,,,,,,,,
426,2016-11-24,634,50.8046,,,,,,,,,,,
427,2016-11-25,635,51.7444,,,,,,,,,,,
428,2016-11-28,638,51.8272,,,,,,,,,,,
429,2016-11-29,639,51.9217,,,,,,,,,,,
430,2016-11-30,640,52.4401,,,,,,,,,,,
431,2016-12-01,641,52.2418,,,,,,,,,,,
432,2016-12-02,642,51.5685,,,,,,,,,,,
433,2016-12-05,645,51.8315,,,,,,,,,,,
434,2016-12-06,646,51.924,,,,,,,,,,,
435,2016-12-07,647,51.6641,,,,,,,,,,,
436,2016-12-08,648,52.5768,,,,,,,,,,,
437,2016-12-09,649,52.6716,,,,,,,,,,,
438,2016-12-12,652,52.0964,,,,,,,,,,,
439,2016-12-13,653,52.419,,,,,,,,,,,
440,2016-12-14,654,52.1704,,,,,,,,,,,
441,2016-12-15,655,51.9877,,,,,,,,,,,
442,2016-12-16,656,51.8963,,,,,,,,,,,
443,2016-12-19,659,51.6735,,,,,,,,,,,
444,2016-12-20,660,51.5353,,,,,,,,,,,
445,2016-12-21,661,51.4028,,,,,,,,,,,
446,2016-12-22,662,50.8801,,,,,,,,,,,
447,2016-12-23,663,50.9186,,,,,,,,,,,
448,2016-12-26,666,50.4365,,,,,,,,,,,
449,2016-12-27,667,51.2115,,,,,,,,,,,
450,2016-12-28,668,51.2238,,,,,,,,,,,
451,2016-12-29,669,51.6562,,,,,,,,,,,
452,2016-12-30,670,52.1732,,,,,,,,,,,
453,2017-01-02,673,52.137,,,,,,,,,,,
454,2017-01-03,674,52.2118,,,,,,,,,,,
455,2017-01-04,675,52.2036,,,,,,,,,,,
456,2017-01-05,676,52.7296,,,,,,,,,,,
457,2017-01-06,677,52.5411,,,,,,,,,,,
458,2017-01-09,680,52.4887,,,,,,,,,,,
459,2017-01-10,681,52.8198,,,,,,,,,,,
460,2017-01-11,682,53.4078,,,,,,,,,,,
461,2017-01-12,683,53.577,,,,,,,,,,,
462,2017-01-13,684,53.5325,,,,,,,,,,,
463,2017-01-16,687,53.6109,,,,,,,,,,,
464,2017-01-17,688,53.5141,,,,,,,,,,,
465,2017-01-18,689,53.636,,,,,,,,,,,
466,2017-01-19,690,53.7505,,,,,,,,,,,
467,2017-01-20,691,53.2069,,,,,,,,,,,
468,2017-01-23,694,53.4777,,,,,,,,,,,
469,2017-01-24,695,54.011,,,,,,,,,,,
470,2017-01-25,696,54.816,,,,,,,,,,,
471,2017-01-27,698,55.0596,,,,,,,,,,,
472,2017-01-30,701,55.0001,,,,,,,,,,,
473,2017-01-31,702,54.5486,,,,,,,,,,,
474,2017-02-01,703,55.5247,,,,,,,,,,,
475,2017-02-02,704,55.6482,,,,,,,,,,,
476,2017-02-03,705,55.6914,,,,,,,,,,,
477,2017-02-06,708,56.0691,,,,,,,,,,,
478,2017-02-07,709,55.8665,,,,,,,,,,,
479,2017-02-08,710,55.8697,,,,,,,,,,,
480,2017-02-09,711,55.9285,,,,,,,,,,,
481,2017-02-10,712,56.0236,,,,,,,,,,,
482,2017-02-13,715,56.0977,,,,,,,,,,,
483,2017-02-14,716,56.016,,,,,,,,,,,
484,2017-02-15,717,55.6014,,,,,,,,,,,
485,2017-02-16,718,55.9421,,,,,,,,,,,
486,2017-02-17,719,56.2185,,,,,,,,,,,
487,2017-02-20,722,56.5845,,,,,,,,,,,
488,2017-02-21,723,56.7643,,,,,,,,,,,
489,2017-02-22,724,56.8853,,,,,,,,,,,
490,2017-02-23,725,56.9673,,,,,,,,,,,
491,2017-02-27,729,56.6945,,,,,,,,,,,
492,2017-02-28,730,56.6014,,,,,,,,,,,
493,2017-03-01,731,57.0192,,,,,,,,,,,
494,2017-03-02,732,56.7322,,,,,,,,,,,
495,2017-03-03,733,56.7162,,,,,,,,,,,
496,2017-03-06,736,57.1261,,,,,,,,,,,
497,2017-03-07,737,57.0219,,,,,,,,,,,
498,2017-03-08,738,56.8782,,,,,,,,,,,
499,2017-03-09,739,56.9029,,,,,,,,,,,
500,2017-03-10,740,56.952,,,,,,,,,,,
501,2017-03-14,744,57.9485,,,,,,,,,,,
502,2017-03-15,745,57.9315,,,,,,,,,,,
503,2017-03-16,746,58.3814,,,,,,,,,,,
504,2017-03-17,747,58.4213,,,,,,,,,,,
505,2017-03-20,750,58.2107,,,,,,,,,,,
506,2017-03-21,751,58.1743,,,,,,,,,,,
507,2017-03-22,752,57.5974,,,,,,,,,,,
508,2017-03-23,753,57.9543,,,,,,,,,,,
509,2017-03-24,754,58.0977,,,,,,,,,,,
510,2017-03-27,757,57.7048,,,,,,,,,,,
511,2017-03-28,758,58.0498,,,,,,,,,,,
512,2017-03-29,759,58.3172,,,,,,,,,,,
513,2017-03-30,760,58.498,,,,,,,,,,,
514,2017-03-31,761,58.4859,,,,,,,,,,,
515,2017-04-03,764,58.8699,,,,,,,,,,,
516,2017-04-05,766,59.0383,,,,,,,,,,,
517,2017-04-06,767,59.0187,,,,,,,,,,,
518,2017-04-07,768,58.6174,,,,,,,,,,,
519,2017-04-10,771,58.5096,,,,,,,,,,,
520,2017-04-11,772,58.8574,,,,,,,,,,,
521,2017-04-12,773,58.6445,,,,,,,,,,,
522,2017-04-13,774,58.3147,,,,,,,,,,,
523,2017-04-17,778,58.2379,,,,,,,,,,,
524,2017-04-18,779,58.0244,,,,,,,,,,,
525,2017-04-19,780,58.0091,,,,,,,,,,,
526,2017-04-20,781,58.2162,,,,,,,,,,,
527,2017-04-21,782,58.1118,,,,,,,,,,,
528,2017-04-24,785,58.7336,,,,,,,,,,,
529,2017-04-25,786,59.2973,,,,,,,,,,,
530,2017-04-26,787,59.5827,,,,,,,,,,,
531,2017-04-27,788,59.5168,,,,,,,,,,,
532,2017-04-28,789,59.2736,,,,,,,,,,,
533,2017-05-02,793,59.3335,,,,,,,,,,,
534,2017-05-03,794,59.3222,,,,,,,,,,,
535,2017-05-04,795,59.6333,,,,,,,,,,,
536,2017-05-05,796,59.1618,,,,,,,,,,,
537,2017-05-08,799,59.3452,,,,,,,,,,,
538,2017-05-09,800,59.3611,,,,,,,,,,,
539,2017-05-10,801,59.9339,,,,,,,,,,,
540,2017-05-11,802,60.0284,,,,,,,,,,,
541,2017-05-12,803,59.8987,,,,,,,,,,,
542,2017-05-15,806,60.179,,,,,,,,,,,
543,2017-05-16,807,60.6014,,,,,,,,,,,
544,2017-05-17,808,60.6878,,,,,,,,,,,
545,2017-05-18,809,60.0794,,,,,,,,,,,
546,2017-05-19,810,60.0668,,,,,,,,,,,
547,2017-05-22,813,60.1361,,,,,,,,,,,
548,2017-05-23,814,59.8028,,,,,,,,,,,
549,2017-05-24,815,59.6468,,,,,,,,,,,
550,2017-05-25,816,60.5835,,,,,,,,,,,
551,2017-05-26,817,61.1382,,,,,,,,,,,
552,2017-05-29,820,61.2057,,,,,,,,,,,
553,2017-05-30,821,61.3295,,,,,,,,,,,
554,2017-05-31,822,61.3075,,,,,,,,,,,
555,2017-06-01,823,61.3258,,,,,,,,,,,
556,2017-06-02,824,61.5649,,,,,,,,,,,
557,2017-06-05,827,61.7677,,,,,,,,,,,
558,2017-06-06,828,61.5301,,,,,,,,,,,
559,2017-06-07,829,61.6969,,,,,,,,,,,
560,2017-06-08,830,61.5934,,,,,,,,,,,
561,2017-06-09,831,61.7239,,,,,,,,,,,
562,2017-06-12,834,61.3967,,,,,,,,,,,
563,2017-06-13,835,61.3592,,,,,,,,,,,
564,2017-06-14,836,61.4293,,,,,,,,,,,
565,2017-06-15,837,61.1844,,,,,,,,,,,
566,2017-06-16,838,61.2462,,,,,,,,,,,
567,2017-06-19,841,61.6816,,,,,,,,,,,
568,2017-06-20,842,61.6802,,,,,,,,,,,
569,2017-06-21,843,61.5572,,,,,,,,,,,
570,2017-06-22,844,61.5527,,,,,,,,,,,
571,2017-06-23,845,61.2059,,,,,,,,,,,
572,2017-06-27,849,60.8061,,,,,,,,,,,
573,2017-06-28,850,60.681,,,,,,,,,,,
574,2017-06-29,851,60.8052,,,,,,,,,,,
575,2017-06-30,852,60.9141,,,,,,,,,,,
576,2017-07-03,855,61.5138,,,,,,,,,,,
577,2017-07-04,856,61.5038,,,,,,,,,,,
578,2017-07-05,857,61.6579,,,,,,,,,,,
579,2017-07-06,858,61.9166,,,,,,,,,,,
580,2017-07-07,859,61.8611,,,,,,,,,,,
581,2017-07-10,862,62.5247,,,,,,,,,,,
582,2017-07-11,863,62.6209,,,,,,,,,,,
583,2017-07-12,864,62.8117,,,,,,,,,,,
584,2017-07-13,865,63.3334,,,,,,,,,,,
585,2017-07-14,866,63.3334,,,,,,,,,,,
586,2017-07-17,869,63.5241,,,,,,,,,,,
587,2017-07-18,870,62.9713,,,,,,,,,,,
588,2017-07-19,871,63.4289,,,,,,,,,,,
589,2017-07-20,872,63.2794,,,,,,,,,,,
590,2017-07-21,873,63.5457,,,,,,,,,,,
591,2017-07-24,876,63.8784,,,,,,,,,,,
592,2017-07-25,877,63.8652,,,,,,,,,,,
593,2017-07-26,878,64.2266,,,,,,,,,,,
594,2017-07-27,879,64.2353,,,,,,,,,,,
595,2017-07-28,880,64.1922,,,,,,,,,,,
596,2017-07-31,883,64.5833,,,,,,,,,,,
597,2017-08-01,884,64.8244,,,,,,,,,,,
598,2017-08-02,885,64.6213,,,,,,,,,,,
599,2017-08-03,886,64.199,,,,,,,,,,,
600,2017-08-04,887,64.5273,,,,,,,,,,,
601,2017-08-07,890,64.4669,,,,,,,,,,,
602,2017-08-08,891,63.9745,,,,,,,,,,,
603,2017-08-09,892,63.5324,,,,,,,,,,,
604,2017-08-10,893,62.9873,,,,,,,,,,,
605,2017-08-11,894,62.3308,,,,,,,,,,,
606,2017-08-14,897,62.8631,,,,,,,,,,,
607,2017-08-16,899,63.518,,,,,,,,,,,
608,2017-08-17,900,63.5642,,,,,,,,,,,
609,2017-08-18,901,63.1393,,,,,,,,,,,
610,2017-08-21,904,62.6162,,,,,,,,,,,
611,2017-08-22,905,62.6863,,,,,,,,,,,
612,2017-08-23,906,63.2382,,,,,,,,,,,
613,2017-08-24,907,63.282,,,,,,,,,,,
614,2017-08-28,911,63.6359,,,,,,,,,,,
615,2017-08-29,912,62.8944,,,,,,,,,,,
616,2017-08-30,913,63.4583,,,,,,,,,,,
617,2017-08-31,914,63.6696,,,,,,,,,,,
618,2017-09-01,915,64.0329,,,,,,,,,,,
619,2017-09-04,918,63.6413,,,,,,,,,,,
620,2017-09-05,919,63.8936,,,,,,,,,,,
621,2017-09-06,920,63.6667,,,,,,,,,,,
622,2017-09-07,921,63.7633,,,,,,,,,,,
623,2017-09-08,922,63.7958,,,,,,,,,,,
624,2017-09-11,925,64.2608,,,,,,,,,,,
625,2017-09-12,926,64.8132,,,,,,,,,,,
626,2017-09-13,927,64.726,,,,,,,,,,,
627,2017-09-14,928,64.7746,,,,,,,,,,,
628,2017-09-15,929,64.7654,,,,,,,,,,,
629,2017-09-18,932,65.2039,,,,,,,,,,,
630,2017-09-19,933,65.1662,,,,,,,,,,,
631,2017-09-20,934,65.1277,,,,,,,,,,,
632,2017-09-21,935,65.0064,,,,,,,,,,,
633,2017-09-22,936,64.0059,,,,,,,,,,,
634,2017-09-25,939,63.4217,,,,,,,,,,,
635,2017-09-26,940,63.4154,,,,,,,,,,,
636,2017-09-27,941,62.5595,,,,,,,,,,,
637,2017-09-28,942,62.76,,,,,,,,,,,
638,2017-09-29,943,62.8859,,,,,,,,,,,
639,2017-10-03,947,63.3334,,,,,,,,,,,
640,2017-10-04,948,63.6821,,,,,,,,,,,
641,2017-10-05,949,63.5195,,,,,,,,,,,
642,2017-10-06,950,64.0858,,,,,,,,,,,
643,2017-10-09,953,64.1446,,,,,,,,,,,
644,2017-10-10,954,64.3237,,,,,,,,,,,
645,2017-10-11,955,64.1174,,,,,,,,,,,
646,2017-10-12,956,64.8251,,,,,,,,,,,
647,2017-10-13,957,65.2822,,,,,,,,,,,
648,2017-10-16,960,65.6873,,,,,,,,,,,
649,2017-10-17,961,65.7129,,,,,,,,,,,
650,2017-10-18,962,65.5615,,,,,,,,,,,
651,2017-10-23,967,65.3903,,,,,,,,,,,
652,2017-10-24,968,65.5377,,,,,,,,,,,
653,2017-10-25,969,66.1007,,,,,,,,,,,
654,2017-10-26,970,66.3933,,,,,,,,,,,
655,2017-10-27,971,66.2741,,,,,,,,,,,
656,2017-10-30,974,66.5319,,,,,,,,,,,
657,2017-10-31,975,66.3935,,,,,,,,,,,
658,2017-11-01,976,67.08,,,,,,,,,,,
659,2017-11-02,977,66.9735,,,,,,,,,,,
660,2017-11-03,978,67.169,,,,,,,,,,,
661,2017-11-06,981,67.1624,,,,,,,,,,,
662,2017-11-07,982,66.5135,,,,,,,,,,,
663,2017-11-08,983,66.2065,,,,,,,,,,,
664,2017-11-09,984,66.2432,,,,,,,,,,,
665,2017-11-10,985,66.321,,,,,,,,,,,
666,2017-11-13,988,65.7076,,,,,,,,,,,
667,2017-11-14,989,65.4639,,,,,,,,,,,
668,2017-11-15,990,65.0283,,,,,,,,,,,
669,2017-11-16,991,65.6411,,,,,,,,,,,
670,2017-11-17,992,66.0814,,,,,,,,,,,
671,2017-11-20,995,66.1769,,,,,,,,,,,
672,2017-11-21,996,66.3562,,,,,,,,,,,
673,2017-11-22,997,66.4543,,,,,,,,,,,
674,2017-11-23,998,66.4951,,,,,,,,,,,
675,2017-11-24,999,66.7576,,,,,,,,,,,
676,2017-11-27,1002,66.8179,,,,,,,,,,,
677,2017-11-28,1003,66.6318,,,,,,,,,,,
678,2017-11-29,1004,66.574,,,,,,,,,,,
679,2017-11-30,1005,65.7165,,,,,,,,,,,
680,2017-12-01,1006,65.0404,,,,,,,,,,,
681,2017-12-04,1009,65.079,,,,,,,,,,,
682,2017-12-05,1010,65.0168,,,,,,,,,,,
683,2017-12-06,1011,64.5498,,,,,,,,,,,
684,2017-12-07,1012,65.3293,,,,,,,,,,,
685,2017-12-08,1013,65.9583,,,,,,,,,,,
686,2017-12-11,1016,66.3161,,,,,,,,,,,
687,2017-12-12,1017,65.7946,,,,,,,,,,,
688,2017-12-13,1018,65.492,,,,,,,,,,,
689,2017-12-14,1019,65.8671,,,,,,,,,,,
690,2017-12-15,1020,66.3859,,,,,,,,,,,
691,2017-12-18,1023,66.7438,,,,,,,,,,,
692,2017-12-19,1024,67.2148,,,,,,,,,,,
693,2017-12-20,1025,67.0947,,,,,,,,,,,
694,2017-12-21,1026,67.0862,,,,,,,,,,,
695,2017-12-22,1027,67.4202,,,,,,,,,,,
696,2017-12-26,1031,67.6653,,,,,,,,,,,
697,2017-12-27,1032,67.4074,,,,,,,,,,,
698,2017-12-28,1033,67.3232,,,,,,,,,,,
699,2017-12-29,1034,67.6567,,,,,,,,,,,
700,2018-01-01,1037,67.0513,,,,,,,,,,,
701,2018-01-02,1038,67.0912,,,,,,,,,,,
702,2018-01-03,1039,67.0991,,,,,,,,,,,
703,2018-01-04,1040,67.4885,,,,,,,,,,,
704,2018-01-05,1041,67.834,,,,,,,,,,,
705,2018-01-08,1044,68.2454,,,,,,,,,,,
706,2018-01-09,1045,68.3295,,,,,,,,,,,
707,2018-01-10,1046,68.2994,,,,,,,,,,,
708,2018-01-11,1047,68.4198,,,,,,,,,,,
709,2018-01-12,1048,68.6103,,,,,,,,,,,
710,2018-01-15,1051,68.9969,,,,,,,,,,,
711,2018-01-16,1052,68.7388,,,,,,,,,,,
712,2018-01-17,1053,69.2986,,,,,,,,,,,
713,2018-01-18,1054,69.4887,,,,,,,,,,,
714,2018-01-19,1055,69.986,,,,,,,,,,,
715,2018-01-22,1058,70.4511,,,,,,,,,,,
716,2018-01-23,1059,71.2001,,,,,,,,,,,
717,2018-01-24,1060,71.2115,,,,,,,,,,,
718,2018-01-25,1061,71.1076,,,,,,,,,,,
719,2018-01-29,1065,71.493,,,,,,,,,,,
720,2018-01-30,1066,70.9795,,,,,,,,,,,
721,2018-01-31,1067,70.8353,,,,,,,,,,,
722,2018-02-01,1068,70.7757,,,,,,,,,,,
723,2018-02-02,1069,69.1157,,,,,,,,,,,
724,2018-02-05,1072,68.5172,,,,,,,,,,,
725,2018-02-06,1073,67.4466,,,,,,,,,,,
726,2018-02-07,1074,67.3206,,,,,,,,,,,
727,2018-02-08,1075,68.0002,,,,,,,,,,,
728,2018-02-09,1076,67.2212,,,,,,,,,,,
729,2018-02-12,1079,67.768,,,,,,,,,,,
730,2018-02-14,1081,67.5179,,,,,,,,,,,
731,2018-02-15,1082,67.8079,,,,,,,,,,,
732,2018-02-16,1083,67.2068,,,,,,,,,,,
733,2018-02-19,1086,66.7337,,,,,,,,,,,
734,2018-02-20,1087,66.6176,,,,,,,,,,,
735,2018-02-21,1088,66.852,,,,,,,,,,,
736,2018-02-22,1089,66.7773,,,,,,,,,,,
737,2018-02-23,1090,67.4635,,,,,,,,,,,
738,2018-02-26,1093,68.0483,,,,,,,,,,,
739,2018-02-27,1094,67.8679,,,,,,,,,,,
740,2018-02-28,1095,67.4913,,,,,,,,,,,
741,2018-03-01,1096,67.2697,,,,,,,,,,,
742,2018-03-05,1100,66.6385,,,,,,,,,,,
743,2018-03-06,1101,65.9401,,,,,,,,,,,
744,2018-03-07,1102,65.3401,,,,,,,,,,,
745,2018-03-08,1103,65.9058,,,,,,,,,,,
746,2018-03-09,1104,65.8077,,,,,,,,,,,
747,2018-03-12,1107,67.0442,,,,,,,,,,,
748,2018-03-13,1108,67.0922,,,,,,,,,,,
749,2018-03-14,1109,66.9923,,,,,,,,,,,
750,2018-03-15,1110,66.6687,,,,,,,,,,,
751,2018-03-16,1111,65.6589,,,,,,,,,,,
752,2018-03-19,1114,65.0161,,,,,,,,,,,
753,2018-03-20,1115,65.2728,,,,,,,,,,,
754,2018-03-21,1116,65.4706,,,,,,,,,,,
755,2018-03-22,1117,65.2205,,,,,,,,,,,
756,2018-03-23,1118,64.4738,,,,,,,,,,,
757,2018-03-26,1121,65.3211,,,,,,,,,,,
758,2018-03-27,1122,65.6586,,,,,,,,,,,
759,2018-03-28,1123,65.2101,,,,,,,,,,,
760,2018-04-02,1128,65.8108,,,,,,,,,,,
761,2018-04-03,1129,66.0125,,,,,,,,,,,
762,2018-04-04,1130,65.2729,,,,,,,,,,,
763,2018-04-05,1131,66.5154,,,,,,,,,,,
764,2018-04-06,1132,66.5561,,,,,,,,,,,
765,2018-04-09,1135,66.8616,,,,,,,,,,,
766,2018-04-10,1136,67.0082,,,,,,,,,,,
767,2018-04-11,1137,67.1032,,,,,,,,,,,
768,2018-04-12,1138,67.3702,,,,,,,,,,,
769,2018-04-13,1139,67.5107,,,,,,,,,,,
770,2018-04-16,1142,67.8142,,,,,,,,,,,
771,2018-04-17,1143,67.946,,,,,,,,,,,
772,2018-04-18,1144,67.8005,,,,,,,,,,,
773,2018-04-19,1145,68.0524,,,,,,,,,,,
774,2018-04-20,1146,68.044,,,,,,,,,,,
775,2018-04-23,1149,68.176,,,,,,,,,,,
776,2018-04-24,1150,68.3664,,,,,,,,,,,
777,2018-04-25,1151,68.0846,,,,,,,,,,,
778,2018-04-26,1152,68.388,,,,,,,,,,,
779,2018-04-27,1153,68.866,,,,,,,,,,,
780,2018-04-30,1156,69.1669,,,,,,,,,,,
781,2018-05-02,1158,69.0351,,,,,,,,,,,
782,2018-05-03,1159,68.7889,,,,,,,,,,,
783,2018-05-04,1160,68.3959,,,,,,,,,,,
784,2018-05-07,1163,69.0184,,,,,,,,,,,
785,2018-05-08,1164,69.0331,,,,,,,,,,,
786,2018-05-09,1165,69.1878,,,,,,,,,,,
787,2018-05-10,1166,69.0262,,,,,,,,,,,
788,2018-05-11,1167,69.6019,,,,,,,,,,,
789,2018-05-14,1170,69.6017,,,,,,,,,,,
790,2018-05-15,1171,69.5711,,,,,,,,,,,
791,2018-05-16,1172,69.181,,,,,,,,,,,
792,2018-05-17,1173,68.806,,,,,,,,,,,
793,2018-05-18,1174,68.2524,,,,,,,,,,,
794,2018-05-21,1177,67.7409,,,,,,,,,,,
795,2018-05-22,1178,67.8687,,,,,,,,,,,
796,2018-05-23,1179,67.186,,,,,,,,,,,
797,2018-05-24,1180,67.7205,,,,,,,,,,,
798,2018-05-25,1181,68.3712,,,,,,,,,,,
799,2018-05-28,1184,68.9028,,,,,,,,,,,
800,2018-05-29,1185,68.5468,,,,,,,,,,,
801,2018-05-30,1186,68.4246,,,,,,,,,,,
802,2018-05-31,1187,69.2731,,,,,,,,,,,
803,2018-06-01,1188,69.0162,,,,,,,,,,,
804,2018-06-04,1191,68.5889,,,,,,,,,,,
805,2018-06-05,1192,68.3615,,,,,,,,,,,
806,2018-06-06,1193,68.9468,,,,,,,,,,,
807,2018-06-07,1194,69.4833,,,,,,,,,,,
808,2018-06-08,1195,69.4786,,,,,,,,,,,
809,2018-06-11,1198,69.6012,,,,,,,,,,,
810,2018-06-12,1199,69.9594,,,,,,,,,,,
811,2018-06-13,1200,70.047,,,,,,,,,,,
812,2018-06-14,1201,69.8329,,,,,,,,,,,
813,2018-06-15,1202,69.8948,,,,,,,,,,,
814,2018-06-18,1205,69.7794,,,,,,,,,,,
815,2018-06-19,1206,69.2062,,,,,,,,,,,
816,2018-06-20,1207,69.6008,,,,,,,,,,,
817,2018-06-21,1208,69.4154,,,,,,,,,,,
818,2018-06-22,1209,69.9347,,,,,,,,,,,
819,2018-06-25,1212,69.5519,,,,,,,,,,,
820,2018-06-26,1213,69.5944,,,,,,,,,,,
821,2018-06-27,1214,68.9998,,,,,,,,,,,
822,2018-06-28,1215,68.471,,,,,,,,,,,
823,2018-06-29,1216,69.276,,,,,,,,,,,
824,2018-07-02,1219,68.9082,,,,,,,,,,,
825,2018-07-03,1220,69.1822,,,,,,,,,,,
826,2018-07-04,1221,69.6314,,,,,,,,,,,
827,2018-07-05,1222,69.5288,,,,,,,,,,,
828,2018-07-06,1223,69.6746,,,,,,,,,,,
829,2018-07-09,1226,70.1886,,,,,,,,,,,
830,2018-07-10,1227,70.7975,,,,,,,,,,,
831,2018-07-11,1228,70.813,,,,,,,,,,,
832,2018-07-12,1229,71.3073,,,,,,,,,,,
833,2018-07-13,1230,71.2772,,,,,,,,,,,
834,2018-07-16,1233,70.7513,,,,,,,,,,,
835,2018-07-17,1234,71.2166,,,,,,,,,,,
836,2018-07-18,1235,71.0442,,,,,,,,,,,
837,2018-07-19,1236,70.9567,,,,,,,,,,,
838,2018-07-20,1237,71.2984,,,,,,,,,,,
839,2018-07-23,1240,71.7796,,,,,,,,,,,
840,2018-07-24,1241,72.0976,,,,,,,,,,,
841,2018-07-25,1242,72.0806,,,,,,,,,,,
842,2018-07-26,1243,72.3232,,,,,,,,,,,
843,2018-07-27,1244,73.036,,,,,,,,,,,
844,2018-07-30,1247,73.3026,,,,,,,,,,,
845,2018-07-31,1248,73.5406,,,,,,,,,,,
846,2018-08-01,1249,73.4739,,,,,,,,,,,
847,2018-08-02,1250,72.8289,,,,,,,,,,,
848,2018-08-03,1251,73.5758,,,,,,,,,,,
849,2018-08-06,1254,73.7444,,,,,,,,,,,
850,2018-08-07,1255,73.7591,,,,,,,,,,,
851,2018-08-08,1256,74.1489,,,,,,,,,,,
852,2018-08-09,1257,74.2872,,,,,,,,,,,
853,2018-08-10,1258,74.0209,,,,,,,,,,,
854,2018-08-13,1261,73.5524,,,,,,,,,,,
855,2018-08-14,1262,74.1134,,,,,,,,,,,
856,2018-08-16,1264,73.7898,,,,,,,,,,,
857,2018-08-17,1265,74.3425,,,,,,,,,,,
858,2018-08-20,1268,74.8692,,,,,,,,,,,
859,2018-08-21,1269,74.9901,,,,,,,,,,,
860,2018-08-23,1271,75.0647,,,,,,,,,,,
861,2018-08-24,1272,74.9133,,,,,,,,,,,
862,2018-08-27,1275,75.7822,,,,,,,,,,,
863,2018-08-28,1276,76.0824,,,,,,,,,,,
864,2018-08-29,1277,75.7798,,,,,,,,,,,
865,2018-08-30,1278,75.684,,,,,,,,,,,
866,2018-08-31,1279,75.7205,,,,,,,,,,,
867,2018-09-03,1282,75.0844,,,,,,,,,,,
868,2018-09-04,1283,74.6835,,,,,,,,,,,
869,2018-09-05,1284,74.4023,,,,,,,,,,,
870,2018-09-06,1285,74.8015,,,,,,,,,,,
871,2018-09-07,1286,75.1378,,,,,,,,,,,
872,2018-09-10,1289,74.171,,,,,,,,,,,
873,2018-09-11,1290,73.1978,,,,,,,,,,,
874,2018-09-12,1291,73.7321,,,,,,,,,,,
875,2018-09-14,1293,74.67,,,,,,,,,,,
876,2018-09-17,1296,73.7837,,,,,,,,,,,
877,2018-09-18,1297,73.1443,,,,,,,,,,,
878,2018-09-19,1298,72.8608,,,,,,,,,,,
879,2018-09-21,1300,72.2702,,,,,,,,,,,
880,2018-09-24,1303,71.1302,,,,,,,,,,,
881,2018-09-25,1304,71.7767,,,,,,,,,,,
882,2018-09-26,1305,71.6878,,,,,,,,,,,
883,2018-09-27,1306,71.1953,,,,,,,,,,,
884,2018-09-28,1307,70.8918,,,,,,,,,,,
885,2018-10-01,1310,71.3978,,,,,,,,,,,
886,2018-10-03,1312,70.4289,,,,,,,,,,,
887,2018-10-04,1313,68.7517,,,,,,,,,,,
888,2018-10-05,1314,66.925,,,,,,,,,,,
889,2018-10-08,1317,67.1277,,,,,,,,,,,
890,2018-10-09,1318,66.8236,,,,,,,,,,,
891,2018-10-10,1319,67.8496,,,,,,,,,,,
892,2018-10-11,1320,66.3929,,,,,,,,,,,
893,2018-10-12,1321,67.9216,,,,,,,,,,,
894,2018-10-15,1324,68.1788,,,,,,,,,,,
895,2018-10-16,1325,68.6446,,,,,,,,,,,
896,2018-10-17,1326,67.7931,,,,,,,,,,,
897,2018-10-19,1328,66.8252,,,,,,,,,,,
898,2018-10-22,1331,66.4449,,,,,,,,,,,
899,2018-10-23,1332,65.8144,,,,,,,,,,,
900,2018-10-24,1333,66.3168,,,,,,,,,,,
901,2018-10-25,1334,65.7304,,,,,,,,,,,
902,2018-10-26,1335,65.1167,,,,,,,,,,,
903,2018-10-29,1338,66.5515,,,,,,,,,,,
904,2018-10-30,1339,66.2132,,,,,,,,,,,
905,2018-10-31,1340,67.4308,,,,,,,,,,,
906,2018-11-01,1341,67.3998,,,,,,,,,,,
907,2018-11-02,1342,68.5165,,,,,,,,,,,
908,2018-11-05,1345,68.3332,,,,,,,,,,,
909,2018-11-06,1346,68.3714,,,,,,,,,,,
910,2018-11-09,1349,68.727,,,,,,,,,,,
911,2018-11-12,1352,68.0605,,,,,,,,,,,
912,2018-11-13,1353,68.7099,,,,,,,,,,,
913,2018-11-14,1354,68.6696,,,,,,,,,,,
914,2018-11-15,1355,68.9308,,,,,,,,,,,
915,2018-11-16,1356,69.3544,,,,,,,,,,,
916,2018-11-19,1359,69.8787,,,,,,,,,,,
917,2018-11-20,1360,69.1838,,,,,,,,,,,
918,2018-11-21,1361,68.82,,,,,,,,,,,
919,2018-11-22,1362,68.345,,,,,,,,,,,
920,2018-11-26,1366,69.004,,,,,,,,,,,
921,2018-11-27,1367,69.3728,,,,,,,,,,,
922,2018-11-28,1368,69.6529,,,,,,,,,,,
923,2018-11-29,1369,70.4939,,,,,,,,,,,
924,2018-11-30,1370,70.6104,,,,,,,,,,,
925,2018-12-03,1373,70.6548,,,,,,,,,,,
926,2018-12-04,1374,70.562,,,,,,,,,,,
927,2018-12-05,1375,69.9996,,,,,,,,,,,
928,2018-12-06,1376,68.8208,,,,,,,,,,,
929,2018-12-07,1377,69.4192,,,,,,,,,,,
930,2018-12-10,1380,68.0885,,,,,,,,,,,
931,2018-12-11,1381,68.4799,,,,,,,,,,,
932,2018-12-12,1382,69.6955,,,,,,,,,,,
933,2018-12-13,1383,70.0439,,,,,,,,,,,
934,2018-12-14,1384,70.1333,,,,,,,,,,,
935,2018-12-17,1387,70.669,,,,,,,,,,,
936,2018-12-18,1388,70.8004,,,,,,,,,,,
937,2018-12-19,1389,71.1799,,,,,,,,,,,
938,2018-12-20,1390,71.0779,,,,,,,,,,,
939,2018-12-21,1391,69.8188,,,,,,,,,,,
940,2018-12-24,1394,69.2312,,,,,,,,,,,
941,2018-12-26,1396,69.6603,,,,,,,,,,,
942,2018-12-27,1397,69.9828,,,,,,,,,,,
943,2018-12-28,1398,70.5209,,,,,,,,,,,
944,2018-12-31,1401,70.5364,,,,,,,,,,,
945,2019-01-01,1402,70.8446,,,,,,,,,,,
946,2019-01-02,1403,70.0821,,,,,,,,,,,
947,2019-01-03,1404,69.3025,,,,,,,,,,,
948,2019-01-04,1405,69.6591,,,,,,,,,,,
949,2019-01-07,1408,69.9502,,,,,,,,,,,
950,2019-01-08,1409,70.1422,,,,,,,,,,,
951,2019-01-09,1410,70.4843,,,,,,,,,,,
952,2019-01-10,1411,70.2664,,,,,,,,,,,
953,2019-01-11,1412,70.0932,,,,,,,,,,,
954,2019-01-14,1415,69.7207,,,,,,,,,,,
955,2019-01-15,1416,70.6867,,,,,,,,,,,
956,2019-01-16,1417,70.7089,,,,,,,,,,,
957,2019-01-17,1418,70.8121,,,,,,,,,,,
958,2019-01-18,1419,70.823,,,,,,,,,,,
959,2019-01-21,1422,71.178,,,,,,,,,,,
960,2019-01-22,1423,70.9241,,,,,,,,,,,
961,2019-01-23,1424,70.3322,,,,,,,,,,,
962,2019-01-24,1425,70.4751,,,,,,,,,,,
963,2019-01-25,1426,70.0257,,,,,,,,,,,
964,2019-01-28,1429,69.2531,,,,,,,,,,,
965,2019-01-29,1430,69.1943,,,,,,,,,,,
966,2019-01-30,1431,69.1913,,,,,,,,,,,
967,2019-01-31,1432,70.3527,,,,,,,,,,,
968,2019-02-01,1433,70.7587,,,,,,,,,,,
969,2019-02-04,1436,70.8784,,,,,,,,,,,
970,2019-02-05,1437,71.0223,,,,,,,,,,,
971,2019-02-06,1438,71.8715,,,,,,,,,,,
972,2019-02-07,1439,71.9161,,,,,,,,,,,
973,2019-02-08,1440,71.1002,,,,,,,,,,,
974,2019-02-11,1443,70.76,,,,,,,,,,,
975,2019-02-12,1444,70.3965,,,,,,,,,,,
976,2019-02-13,1445,70.151,,,,,,,,,,,
977,2019-02-14,1446,69.8494,,,,,,,,,,,
978,2019-02-15,1447,69.7082,,,,,,,,,,,
979,2019-02-18,1450,69.1646,,,,,,,,,,,
980,2019-02-19,1451,68.9266,,,,,,,,,,,
981,2019-02-20,1452,69.7791,,,,,,,,,,,
982,2019-02-21,1453,70.1468,,,,,,,,,,,
983,2019-02-22,1454,70.1579,,,,,,,,,,,
984,2019-02-25,1457,70.7312,,,,,,,,,,,
985,2019-02-26,1458,70.4396,,,,,,,,,,,
986,2019-02-27,1459,70.2535,,,,,,,,,,,
987,2019-02-28,1460,70.1874,,,,,,,,,,,
988,2019-03-01,1461,70.648,,,,,,,,,,,
989,2019-03-05,1465,71.4522,,,,,,,,,,,
990,2019-03-06,1466,71.8779,,,,,,,,,,,
991,2019-03-07,1467,71.9116,,,,,,,,,,,
992,2019-03-08,1468,71.7629,,,,,,,,,,,
993,2019-03-11,1471,72.6244,,,,,,,,,,,
994,2019-03-12,1472,73.4894,,,,,,,,,,,
995,2019-03-13,1473,73.7585,,,,,,,,,,,
996,2019-03-14,1474,73.7888,,,,,,,,,,,
997,2019-03-15,1475,74.3417,,,,,,,,,,,
998,2019-03-18,1478,74.5709,,,,,,,,,,,
999,2019-03-19,1479,75.0275,,,,,,,,,,,
1000,2019-03-20,1480,74.9521,,,,,,,,,,,
1001,2019-03-22,1482,74.5501,,,,,,,,,,,
1002,2019-03-25,1485,73.881,,,,,,,,,,,
1003,2019-03-26,1486,74.7194,,,,,,,,,,,
1004,2019-03-27,1487,74.4746,,,,,,,,,,,
1005,2019-03-28,1488,75.2884,,,,,,,,,,,
1006,2019-03-29,1489,75.6383,,,,,,,,,,,
1007,2019-04-01,1492,75.9333,,,,,,,,,,,
1008,2019-04-02,1493,76.2207,,,,,,,,,,,
1009,2019-04-03,1494,75.7679,,,,,,,,,,,
1010,2019-04-04,1495,75.4679,,,,,,,,,,,
1011,2019-04-05,1496,75.9091,,,,,,,,,,,
1012,2019-04-08,1499,75.5094,,,,,,,,,,,
1013,2019-04-09,1500,75.9468,,,,,,,,,,,
1014,2019-04-10,1501,75.3772,,,,,,,,,,,
1015,2019-04-11,1502,75.4573,,,,,,,,,,,
1016,2019-04-12,1503,75.7606,,,,,,,,,,,
1017,2019-04-15,1506,76.0641,,,,,,,,,,,
1018,2019-04-16,1507,76.6923,,,,,,,,,,,
1019,2019-04-18,1509,76.4686,,,,,,,,,,,
1020,2019-04-22,1513,75.4384,,,,,,,,,,,
1021,2019-04-23,1514,75.3176,,,,,,,,,,,
1022,2019-04-24,1515,76.2943,,,,,,,,,,,
1023,2019-04-25,1516,75.7452,,,,,,,,,,,
1024,2019-04-26,1517,76.4788,,,,,,,,,,,
1025,2019-04-30,1521,76.4359,,,,,,,,,,,
1026,2019-05-02,1523,76.2834,,,,,,,,,,,
1027,2019-05-03,1524,76.2015,,,,,,,,,,,
1028,2019-05-06,1527,75.4584,,,,,,,,,,,
1029,2019-05-07,1528,74.8208,,,,,,,,,,,
1030,2019-05-08,1529,73.9202,,,,,,,,,,,
1031,2019-05-09,1530,73.5445,,,,,,,,,,,
1032,2019-05-10,1531,73.3947,,,,,,,,,,,
1033,2019-05-13,1534,72.5443,,,,,,,,,,,
1034,2019-05-14,1535,73.0236,,,,,,,,,,,
1035,2019-05-15,1536,72.6002,,,,,,,,,,,
1036,2019-05-16,1537,73.2513,,,,,,,,,,,
1037,2019-05-17,1538,74.2269,,,,,,,,,,,
1038,2019-05-20,1541,76.9637,,,,,,,,,,,
1039,2019-05-21,1542,76.1879,,,,,,,,,,,
1040,2019-05-22,1543,76.4544,,,,,,,,,,,
1041,2019-05-23,1544,75.9283,,,,,,,,,,,
1042,2019-05-24,1545,77.1452,,,,,,,,,,,
1043,2019-05-27,1548,77.6692,,,,,,,,,,,
1044,2019-05-28,1549,77.6993,,,,,,,,,,,
1045,2019-05-29,1550,77.2588,,,,,,,,,,,
1046,2019-05-30,1551,77.8101,,,,,,,,,,,
1047,2019-05-31,1552,77.6595,,,,,,,,,,,
1048,2019-06-03,1555,78.7428,,,,,,,,,,,
1049,2019-06-04,1556,78.3371,,,,,,,,,,,
1050,2019-06-06,1558,77.1787,,,,,,,,,,,
1051,2019-06-07,1559,77.3532,,,,,,,,,,,
1052,2019-06-10,1562,77.6899,,,,,,,,,,,
1053,2019-06-11,1563,77.9688,,,,,,,,,,,
1054,2019-06-12,1564,77.5818,,,,,,,,,,,
1055,2019-06-13,1565,77.7023,,,,,,,,,,,
1056,2019-06-14,1566,77.1119,,,,,,,,,,,
1057,2019-06-17,1569,76.1277,,,,,,,,,,,
1058,2019-06-18,1570,76.2528,,,,,,,,,,,
1059,2019-06-19,1571,76.2519,,,,,,,,,,,
1060,2019-06-20,1572,77.2308,,,,,,,,,,,
1061,2019-06-21,1573,76.5298,,,,,,,,,,,
1062,2019-06-24,1576,76.3696,,,,,,,,,,,
1063,2019-06-25,1577,76.9993,,,,,,,,,,,
1064,2019-06-26,1578,77.3316,,,,,,,,,,,
1065,2019-06-27,1579,77.2911,,,,,,,,,,,
1066,2019-06-28,1580,76.9472,,,,,,,,,,,
1067,2019-07-01,1583,77.4458,,,,,,,,,,,
1068,2019-07-02,1584,77.7361,,,,,,,,,,,
1069,2019-07-03,1585,77.7779,,,,,,,,,,,
1070,2019-07-04,1586,77.9917,,,,,,,,,,,
1071,2019-07-05,1587,77.1078,,,,,,,,,,,
1072,2019-07-08,1590,75.4671,,,,,,,,,,,
1073,2019-07-09,1591,75.4483,,,,,,,,,,,
1074,2019-07-10,1592,75.0785,,,,,,,,,,,
1075,2019-07-11,1593,75.6397,,,,,,,,,,,
1076,2019-07-12,1594,75.4429,,,,,,,,,,,
1077,2019-07-15,1597,75.6825,,,,,,,,,,,
1078,2019-07-16,1598,76.1803,,,,,,,,,,,
1079,2019-07-17,1599,76.3423,,,,,,,,,,,
1080,2019-07-18,1600,75.7635,,,,,,,,,,,
1081,2019-07-19,1601,74.6517,,,,,,,,,,,
1082,2019-07-22,1604,74.1838,,,,,,,,,,,
1083,2019-07-23,1605,74.0838,,,,,,,,,,,
1084,2019-07-24,1606,73.7322,,,,,,,,,,,
1085,2019-07-25,1607,73.6206,,,,,,,,,,,
1086,2019-07-26,1608,73.8301,,,,,,,,,,,
1087,2019-07-29,1611,73.2117,,,,,,,,,,,
1088,2019-07-30,1612,72.5332,,,,,,,,,,,
1089,2019-07-31,1613,72.748,,,,,,,,,,,
1090,2019-08-01,1614,71.8659,,,,,,,,,,,
1091,2019-08-02,1615,72.0145,,,,,,,,,,,
1092,2019-08-05,1618,71.133,,,,,,,,,,,
1093,2019-08-06,1619,71.6922,,,,,,,,,,,
1094,2019-08-07,1620,71.0859,,,,,,,,,,,
1095,2019-08-08,1621,72.2559,,,,,,,,,,,
1096,2019-08-09,1622,72.7602,,,,,,,,,,,
1097,2019-08-13,1626,71.5741,,,,,,,,,,,
1098,2019-08-14,1627,72.2728,,,,,,,,,,,
1099,2019-08-16,1629,72.3925,,,,,,,,,,,
1100,2019-08-19,1632,72.4453,,,,,,,,,,,
1101,2019-08-20,1633,72.208,,,,,,,,,,,
1102,2019-08-21,1634,71.5788,,,,,,,,,,,
1103,2019-08-22,1635,70.4319,,,,,,,,,,,
1104,2019-08-23,1636,71.0074,,,,,,,,,,,
1105,2019-08-26,1639,72.5019,,,,,,,,,,,
1106,2019-08-27,1640,72.8126,,,,,,,,,,,
1107,2019-08-28,1641,72.4243,,,,,,,,,,,
1108,2019-08-29,1642,71.7834,,,,,,,,,,,
1109,2019-08-30,1643,72.2735,,,,,,,,,,,
1110,2019-09-03,1647,70.7965,,,,,,,,,,,
1111,2019-09-04,1648,71.1021,,,,,,,,,,,
1112,2019-09-05,1649,71.1226,,,,,,,,,,,
1113,2019-09-06,1650,71.7674,,,,,,,,,,,
1114,2019-09-09,1653,72.1385,,,,,,,,,,,
1115,2019-09-11,1655,72.3522,,,,,,,,,,,
1116,2019-09-12,1656,72.0054,,,,,,,,,,,
1117,2019-09-13,1657,72.6147,,,,,,,,,,,
1118,2019-09-16,1660,72.1393,,,,,,,,,,,
1119,2019-09-17,1661,70.9187,,,,,,,,,,,
1120,2019-09-18,1662,71.0695,,,,,,,,,,,
1121,2019-09-19,1663,70.1791,,,,,,,,,,,
1122,2019-09-20,1664,73.9068,,,,,,,,,,,
1123,2019-09-23,1667,76.0434,,,,,,,,,,,
1124,2019-09-24,1668,75.9645,,,,,,,,,,,
1125,2019-09-25,1669,74.9941,,,,,,,,,,,
1126,2019-09-26,1670,75.852,,,,,,,,,,,
1127,2019-09-27,1671,75.4657,,,,,,,,,,,
1128,2019-09-30,1674,75.2162,,,,,,,,,,,
1129,2019-10-01,1675,74.4658,,,,,,,,,,,
1130,2019-10-03,1677,74.1639,,,,,,,,,,,
1131,2019-10-04,1678,73.2506,,,,,,,,,,,
1132,2019-10-07,1681,72.9323,,,,,,,,,,,
1133,2019-10-09,1683,74.1565,,,,,,,,,,,
1134,2019-10-10,1684,73.6398,,,,,,,,,,,
1135,2019-10-11,1685,74.1015,,,,,,,,,,,
1136,2019-10-14,1688,74.337,,,,,,,,,,,
1137,2019-10-15,1689,74.9075,,,,,,,,,,,
1138,2019-10-16,1690,75.141,,,,,,,,,,,
1139,2019-10-17,1691,76.0175,,,,,,,,,,,
1140,2019-10-18,1692,76.5116,,,,,,,,,,,
1141,2019-10-22,1696,76.029,,,,,,,,,,,
1142,2019-10-23,1697,76.1909,,,,,,,,,,,
1143,2019-10-24,1698,76.0494,,,,,,,,,,,
1144,2019-10-25,1699,76.0575,,,,,,,,,,,
1145,2019-10-29,1703,77.3878,,,,,,,,,,,
1146,2019-10-30,1704,77.7651,,,,,,,,,,,
1147,2019-10-31,1705,77.9859,,,,,,,,,,,
1148,2019-11-01,1706,78.0718,,,,,,,,,,,
1149,2019-11-04,1709,78.4038,,,,,,,,,,,
1150,2019-11-05,1710,78.2457,,,,,,,,,,,
1151,2019-11-06,1711,78.5656,,,,,,,,,,,
1152,2019-11-07,1712,78.8678,,,,,,,,,,,
1153,2019-11-08,1713,78.1846,,,,,,,,,,,
1154,2019-11-11,1716,78.2182,,,,,,,,,,,
1155,2019-11-13,1718,77.739,,,,,,,,,,,
1156,2019-11-14,1719,77.9465,,,,,,,,,,,
1157,2019-11-15,1720,78.0994,,,,,,,,,,,
1158,2019-11-18,1723,78.0263,,,,,,,,,,,
1159,2019-11-19,1724,78.391,,,,,,,,,,,
1160,2019-11-20,1725,78.7783,,,,,,,,,,,
1161,2019-11-21,1726,78.5762,,,,,,,,,,,
1162,2019-11-22,1727,78.2218,,,,,,,,,,,
1163,2019-11-25,1730,79.2673,,,,,,,,,,,
1164,2019-11-26,1731,79.0308,,,,,,,,,,,
1165,2019-11-27,1732,79.4442,,,,,,,,,,,
1166,2019-11-28,1733,79.7751,,,,,,,,,,,
1167,2019-11-29,1734,79.1512,,,,,,,,,,,
1168,2019-12-02,1737,79.0994,,,,,,,,,,,
1169,2019-12-03,1738,78.7443,,,,,,,,,,,
1170,2019-12-04,1739,79.0658,,,,,,,,,,,
1171,2019-12-05,1740,78.9025,,,,,,,,,,,
1172,2019-12-06,1741,78.2661,,,,,,,,,,,
1173,2019-12-09,1744,78.3698,,,,,,,,,,,
1174,2019-12-10,1745,77.8429,,,,,,,,,,,
1175,2019-12-11,1746,78.1927,,,,,,,,,,,
1176,2019-12-12,1747,78.597,,,,,,,,,,,
1177,2019-12-13,1748,79.3468,,,,,,,,,,,
1178,2019-12-16,1751,79.131,,,,,,,,,,,
1179,2019-12-17,1752,79.8593,,,,,,,,,,,
1180,2019-12-18,1753,80.2313,,,,,,,,,,,
1181,2019-12-19,1754,80.4838,,,,,,,,,,,
1182,2019-12-20,1755,80.5632,,,,,,,,,,,
1183,2019-12-23,1758,80.5015,,,,,,,,,,,
1184,2019-12-24,1759,80.1853,,,,,,,,,,,
1185,2019-12-26,1761,79.6067,,,,,,,,,,,
1186,2019-12-27,1762,80.3891,,,,,,,,,,,
1187,2019-12-30,1765,80.4544,,,,,,,,,,,
1188,2019-12-31,1766,79.8803,,,,,,,,,,,
1189,2020-01-01,1767,79.9725,,,,,,,,,,,
1190,2020-01-02,1768,80.6264,,,,,,,,,,,
1191,2020-01-03,1769,80.2612,,,,,,,,,,,
1192,2020-01-06,1772,78.7271,,,,,,,,,,,
1193,2020-01-07,1773,79.1199,,,,,,,,,,,
1194,2020-01-08,1774,78.9377,,,,,,,,,,,
1195,2020-01-09,1775,80.1878,,,,,,,,,,,
1196,2020-01-10,1776,80.4561,,,,,,,,,,,
1197,2020-01-13,1779,80.9334,,,,,,,,,,,
1198,2020-01-14,1780,81.1476,,,,,,,,,,,
1199,2020-01-15,1781,81.0223,,,,,,,,,,,
1200,2020-01-16,1782,81.1022,,,,,,,,,,,
1201,2020-01-17,1783,81.0808,,,,,,,,,,,
1202,2020-01-20,1786,80.2416,,,,,,,,,,,
1203,2020-01-21,1787,79.8825,,,,,,,,,,,
1204,2020-01-22,1788,79.4694,,,,,,,,,,,
1205,2020-01-23,1789,79.9595,,,,,,,,,,,
1206,2020-01-24,1790,80.4105,,,,,,,,,,,
1207,2020-01-27,1793,79.5617,,,,,,,,,,,
1208,2020-01-28,1794,79.1466,,,,,,,,,,,
1209,2020-01-29,1795,79.6242,,,,,,,,,,,
1210,2020-01-30,1796,79.0092,,,,,,,,,,,
1211,2020-01-31,1797,78.525,,,,,,,,,,,
1212,2020-02-03,1800,76.8562,,,,,,,,,,,
1213,2020-02-04,1801,78.6392,,,,,,,,,,,
1214,2020-02-05,1802,79.3571,,,,,,,,,,,
1215,2020-02-06,1803,79.6769,,,,,,,,,,,
1216,2020-02-07,1804,79.4141,,,,,,,,,,,
1217,2020-02-10,1807,78.9741,,,,,,,,,,,
1218,2020-02-11,1808,79.4755,,,,,,,,,,,
1219,2020-02-12,1809,80.088,,,,,,,,,,,
1220,2020-02-13,1810,79.9135,,,,,,,,,,,
1221,2020-02-14,1811,79.5115,,,,,,,,,,,
1222,2020-02-17,1814,79.0859,,,,,,,,,,,
1223,2020-02-18,1815,78.7358,,,,,,,,,,,
1224,2020-02-19,1816,79.6109,,,,,,,,,,,
1225,2020-02-20,1817,79.3151,,,,,,,,,,,
1226,2020-02-24,1821,77.6647,,,,,,,,,,,
1227,2020-02-25,1822,77.4573,,,,,,,,,,,
1228,2020-02-26,1823,76.6714,,,,,,,,,,,
1229,2020-02-27,1824,76.3742,,,,,,,,,,,
1230,2020-02-28,1825,73.534,,,,,,,,,,,
1231,2020-03-02,1828,73.0953,,,,,,,,,,,
1232,2020-03-03,1829,74.2551,,,,,,,,,,,
1233,2020-03-04,1830,73.9117,,,,,,,,,,,
1234,2020-03-05,1831,74.0401,,,,,,,,,,,
1235,2020-03-06,1832,72.2063,,,,,,,,,,,
1236,2020-03-09,1835,68.6795,,,,,,,,,,,
1237,2020-03-11,1837,68.7243,,,,,,,,,,,
1290,2020-06-02,1920,65.5215,,,,,,,,,,,
1291,2020-06-03,1921,66.0727,,,,,,,,,,,
1292,2020-06-04,1922,65.8595,,,,,,,,,,,
1293,2020-06-05,1923,66.6006,,,,,,,,,,,
1294,2020-06-08,1926,66.7659,,,,,,,,,,,
1295,2020-06-09,1927,65.9725,,,,,,,,,,,
1296,2020-06-10,1928,66.4284,,,,,,,,,,,
1297,2020-06-11,1929,65.0258,,,,,,,,,,,
1298,2020-06-12,1930,65.4904,,,,,,,,,,,
1299,2020-06-15,1933,64.4453,,,,,,,,,,,
1300,2020-06-16,1934,65.1026,,,,,,,,,,,
1301,2020-06-17,1935,64.8867,,,,,,,,,,,
1302,2020-06-18,1936,66.2681,,,,,,,,,,,
1303,2020-06-19,1937,67.2861,,,,,,,,,,,
1304,2020-06-22,1940,67.7239,,,,,,,,,,,
1305,2020-06-23,1941,68.7721,,,,,,,,,,,
1306,2020-06-24,1942,67.6853,,,,,,,,,,,
1307,2020-06-25,1943,67.5759,,,,,,,,,,,
1308,2020-06-26,1944,68.1935,,,,,,,,,,,
1309,2020-06-29,1947,67.7293,,,,,,,,,,,
1310,2020-06-30,1948,67.6611,,,,,,,,,,,
1311,2020-07-01,1949,68.5005,,,,,,,,,,,
1312,2020-07-02,1950,69.3307,,,,,,,,,,,
1313,2020-07-03,1951,69.6956,,,,,,,,,,,
1314,2020-07-06,1954,70.7247,,,,,,,,,,,
1315,2020-07-07,1955,70.9605,,,,,,,,,,,
1316,2020-07-08,1956,70.3443,,,,,,,,,,,
1317,2020-07-09,1957,71.1088,,,,,,,,,,,
1318,2020-07-10,1958,70.8092,,,,,,,,,,,
1319,2020-07-13,1961,71.0401,,,,,,,,,,,
1320,2020-07-14,1962,69.7608,,,,,,,,,,,
1321,2020-07-15,1963,69.8316,,,,,,,,,,,
1322,2020-07-16,1964,70.6405,,,,,,,,,,,
1323,2020-07-17,1965,71.7006,,,,,,,,,,,
1324,2020-07-20,1968,72.4899,,,,,,,,,,,
1325,2020-07-21,1969,73.4086,,,,,,,,,,,
1326,2020-07-22,1970,73.2137,,,,,,,,,,,
1327,2020-07-23,1971,73.7665,,,,,,,,,,,
1328,2020-07-24,1972,73.6264,,,,,,,,,,,
1329,2020-07-27,1975,73.2167,,,,,,,,,,,
1330,2020-07-28,1976,74.3231,,,,,,,,,,,
1331,2020-07-29,1977,73.6843,,,,,,,,,,,
1332,2020-07-30,1978,73.0395,,,,,,,,,,,
1333,2020-07-31,1979,72.851,,,,,,,,,,,
1334,2020-08-03,1982,71.6589,,,,,,,,,,,
1335,2020-08-04,1983,72.9945,,,,,,,,,,,
1336,2020-08-05,1984,73.0544,,,,,,,,,,,
1337,2020-08-06,1985,73.7198,,,,,,,,,,,
1338,2020-08-07,1986,73.8106,,,,,,,,,,,
1339,2020-08-10,1989,74.1781,,,,,,,,,,,
1340,2020-08-11,1990,74.5216,,,,,,,,,,,
1341,2020-08-12,1991,74.4285,,,,,,,,,,,
1342,2020-08-13,1992,74.4088,,,,,,,,,,,
1343,2020-08-14,1993,73.6075,,,,,,,,,,,
1344,2020-08-17,1996,74.0578,,,,,,,,,,,
1345,2020-08-18,1997,74.9658,,,,,,,,,,,
1346,2020-08-19,1998,75.1235,,,,,,,,,,,
1347,2020-08-20,1999,74.4912,,,,,,,,,,,
1348,2020-08-21,2000,74.8807,,,,,,,,,,,
1349,2020-08-24,2003,75.5033,,,,,,,,,,,
1350,2020-08-25,2004,75.541,,,,,,,,,,,
1351,2020-08-26,2005,76.0665,,,,,,,,,,,
1352,2020-08-27,2006,76.1297,,,,,,,,,,,
1353,2020-08-28,2007,76.709,,,,,,,,,,,
1354,2020-08-31,2010,75.0001,,,,,,,,,,,
1355,2020-09-01,2011,75.5428,,,,,,,,,,,
1356,2020-09-02,2012,75.9837,,,,,,,,,,,
1357,2020-09-03,2013,75.9362,,,,,,,,,,,
1358,2020-09-04,2014,74.6632,,,,,,,,,,,
1359,2020-09-07,2017,74.8,,,,,,,,,,,
1360,2020-09-08,2018,74.5514,,,,,,,,,,,
1361,2020-09-09,2019,74.2919,,,,,,,,,,,
1362,2020-09-10,2020,75.4196,,,,,,,,,,,
1363,2020-09-11,2021,75.5174,,,,,,,,,,,
1364,2020-09-14,2024,75.3594,,,,,,,,,,,
1365,2020-09-15,2025,75.8979,,,,,,,,,,,
1366,2020-09-16,2026,76.4418,,,,,,,,,,,
1367,2020-09-17,2027,75.8592,,,,,,,,,,,
1368,2020-09-18,2028,75.7854,,,,,,,,,,,
1369,2020-09-21,2031,74.1095,,,,,,,,,,,
1370,2020-09-22,2032,73.4714,,,,,,,,,,,
1371,2020-09-23,2033,73.3272,,,,,,,,,,,
1372,2020-09-24,2034,71.1751,,,,,,,,,,,
1373,2020-09-25,2035,72.7847,,,,,,,,,,,
1374,2020-09-28,2038,73.9508,,,,,,,,,,,
1375,2020-09-29,2039,73.9165,,,,,,,,,,,
1376,2020-09-30,2040,74.0812,,,,,,,,,,,
1377,2020-10-01,2041,75.196,,,,,,,,,,,
1378,2020-10-05,2045,75.7634,,,,,,,,,,,
1379,2020-10-06,2046,76.81,,,,,,,,,,,
1380,2020-10-07,2047,77.3132,,,,,,,,,,,
1381,2020-10-08,2048,77.9434,,,,,,,,,,,
1382,2020-10-09,2049,78.4673,,,,,,,,,,,
1383,2020-10-12,2052,78.5776,,,,,,,,,,,
1384,2020-10-13,2053,78.6007,,,,,,,,,,,
1385,2020-10-14,2054,78.8604,,,,,,,,,,,
1386,2020-10-15,2055,76.9449,,,,,,,,,,,
1387,2020-10-16,2056,77.4854,,,,,,,,,,,
1388,2020-10-19,2059,78.2128,,,,,,,,,,,
1389,2020-10-20,2060,78.3689,,,,,,,,,,,
1390,2020-10-21,2061,78.6371,,,,,,,,,,,
1391,2020-10-22,2062,78.3715,,,,,,,,,,,
1392,2020-10-23,2063,78.6617,,,,,,,,,,,
1393,2020-10-26,2066,77.59,,,,,,,,,,,
1394,2020-10-27,2067,78.3907,,,,,,,,,,,
1395,2020-10-28,2068,77.3593,,,,,,,,,,,
1396,2020-10-29,2069,76.9931,,,,,,,,,,,
1397,2020-10-30,2070,76.8057,,,,,,,,,,,
1398,2020-11-02,2073,76.981,,,,,,,,,,,
1399,2020-11-03,2074,77.9312,,,,,,,,,,,
1400,2020-11-04,2075,78.5901,,,,,,,,,,,
1401,2020-11-05,2076,79.9846,,,,,,,,,,,
1402,2020-11-06,2077,80.9277,,,,,,,,,,,
1403,2020-11-09,2080,82.2295,,,,,,,,,,,
1404,2020-11-10,2081,83.3496,,,,,,,,,,,
1405,2020-11-11,2082,84.1271,,,,,,,,,,,
1406,2020-11-12,2083,83.7424,,,,,,,,,,,
1407,2020-11-13,2084,83.934,,,,,,,,,,,
1408,2020-11-17,2088,84.9532,,,,,,,,,,,
1409,2020-11-18,2089,85.3752,,,,,,,,,,,
1410,2020-11-19,2090,84.2762,,,,,,,,,,,
1411,2020-11-20,2091,84.8501,,,,,,,,,,,
1412,2020-11-23,2094,85.2945,,,,,,,,,,,
1413,2020-11-24,2095,86.1438,,,,,,,,,,,
1414,2020-11-25,2096,84.8448,,,,,,,,,,,
1415,2020-11-26,2097,85.6932,,,,,,,,,,,
1416,2020-11-27,2098,85.5737,,,,,,,,,,,
1417,2020-12-01,2102,86.4973,,,,,,,,,,,
1418,2020-12-02,2103,86.5276,,,,,,,,,,,
1419,2020-12-03,2104,86.6594,,,,,,,,,,,
1420,2020-12-04,2105,87.4813,,,,,,,,,,,
1421,2020-12-07,2108,88.1223,,,,,,,,,,,
1422,2020-12-08,2109,88.3633,,,,,,,,,,,
1423,2020-12-09,2110,89.2621,,,,,,,,,,,
1424,2020-12-10,2111,88.9274,,,,,,,,,,,
1425,2020-12-11,2112,89.1614,,,,,,,,,,,
1426,2020-12-14,2115,89.453,,,,,,,,,,,
1427,2020-12-15,2116,89.5169,,,,,,,,,,,
1428,2020-12-16,2117,90.2734,,,,,,,,,,,
1429,2020-12-17,2118,90.6756,,,,,,,,,,,
1430,2020-12-18,2119,90.806,,,,,,,,,,,
1431,2020-12-21,2122,87.9547,,,,,,,,,,,
1432,2020-12-22,2123,88.8636,,,,,,,,,,,
1433,2020-12-23,2124,89.7529,,,,,,,,,,,
1434,2020-12-24,2125,90.73,,,,,,,,,,,
1435,2020-12-28,2129,91.5468,,,,,,,,,,,
1436,2020-12-29,2130,91.9386,,,,,,,,,,,
1437,2020-12-30,2131,92.2637,,,,,,,,,,,
1438,2020-12-31,2132,92.2614,,,,,,,,,,,
1439,2021-01-01,2133,92.5037,,,,,,,,,,,
1440,2021-01-04,2136,93.257,,,,,,,,,,,
1441,2021-01-05,2137,93.6963,,,,,,,,,,,
1442,2021-01-06,2138,93.3445,,,,,,,,,,,
1443,2021-01-07,2139,93.2856,,,,,,,,,,,
1444,2021-01-08,2140,94.6701,,,,,,,,,,,
1445,2021-01-11,2143,95.5777,,,,,,,,,,,
1446,2021-01-12,2144,96.0968,,,,,,,,,,,
1447,2021-01-13,2145,96.1058,,,,,,,,,,,
1448,2021-01-14,2146,96.3179,,,,,,,,,,,
1449,2021-01-15,2147,95.2489,,,,,,,,,,,
1450,2021-01-18,2150,94.238,,,,,,,,,,,
1451,2021-01-19,2151,95.8199,,,,,,,,,,,
1452,2021-01-20,2152,96.6408,,,,,,,,,,,
1453,2021-01-21,2153,96.2887,,,,,,,,,,,
1454,2021-01-22,2154,94.8488,,,,,,,,,,,
1455,2021-01-25,2157,93.9704,,,,,,,,,,,
1456,2021-01-27,2159,92.1861,,,,,,,,,,,
1457,2021-01-28,2160,91.1941,,,,,,,,,,,
1458,2021-01-29,2161,89.9859,,,,,,,,,,,
1459,2021-02-01,2164,94.2483,,,,,,,,,,,
1460,2021-02-02,2165,96.6696,,,,,,,,,,,
1461,2021-02-03,2166,97.6056,,,,,,,,,,,
1462,2021-02-04,2167,98.2988,,,,,,,,,,,
1463,2021-02-05,2168,98.4877,,,,,,,,,,,
1464,2021-02-08,2171,99.7516,,,,,,,,,,,
1465,2021-02-09,2172,99.7162,,,,,,,,,,,
1466,2021-02-10,2173,99.697,,,,,,,,,,,
1467,2021-02-11,2174,100.159,,,,,,,,,,,
1468,2021-02-12,2175,100.093,,,,,,,,,,,
1469,2021-02-15,2178,101.104,,,,,,,,,,,
1470,2021-02-16,2179,101.095,,,,,,,,,,,
1471,2021-02-17,2180,100.434,,,,,,,,,,,
1472,2021-02-18,2181,99.8406,,,,,,,,,,,
1473,2021-02-19,2182,98.9354,,,,,,,,,,,
1474,2021-02-22,2185,96.9833,,,,,,,,,,,
1475,2021-02-23,2186,97.1938,,,,,,,,,,,
1476,2021-02-24,2187,99.0057,,,,,,,,,,,
1477,2021-02-25,2188,99.7661,,,,,,,,,,,
1478,2021-02-26,2189,96.0142,,,,,,,,,,,
1479,2021-03-01,2192,97.548,,,,,,,,,,,
1480,2021-03-02,2193,98.5873,,,,,,,,,,,
1481,2021-03-03,2194,100.74,,,,,,,,,,,
1482,2021-03-04,2195,99.6502,,,,,,,,,,,
1483,2021-03-05,2196,98.7079,,,,,,,,,,,
1484,2021-03-08,2199,98.8423,,,,,,,,,,,
1485,2021-03-09,2200,99.7806,,,,,,,,,,,
1486,2021-03-10,2201,100.284,,,,,,,,,,,
1487,2021-03-12,2203,99.3325,,,,,,,,,,,
1488,2021-03-15,2206,98.678,,,,,,,,,,,
,,,,,,,,,,,,,,
,,,,,,,,,,,,,,5186